,종목_list,매출액,유동자산,유동부채,자산총계,부채총계,ROA,이익잉여금,자기자본,x1,x2,x3,x4,x5,z_score
0,AJ네트웍스,10003,5011,7968,18033,14559,1.9,1988,3474,-0.16,0.11,1.9,0.24,0.55,6.93
1,CJ제일제당,223525,79430,82022,262806,167992,0.8,37864,94814,-0.01,0.14,0.8,0.56,0.85,4.01
2,LG헬로비전,11122,3323,5829,17907,8394,-5.1,5676,9513,-0.14,0.32,-5.1,1.13,0.62,-15.25
3,CS홀딩스,1350,1948,191,3143,281,5.4,1797,2862,0.56,0.57,5.4,10.19,0.43,25.83
4,DB,2385,839,592,3632,1522,1.4,481,2110,0.07,0.13,1.4,1.39,0.66,6.38
6,DB하이텍,8074,4263,2197,10889,4442,9.7,3756,6447,0.19,0.34,9.7,1.45,0.74,34.32
7,DRB동일,5470,3198,2237,7453,2838,1.8,4218,4615,0.13,0.57,1.8,1.63,0.73,8.6
8,DSR,2363,1237,777,2404,851,3.8,1319,1553,0.19,0.55,3.8,1.82,0.98,15.61
9,E1,46083,14121,11029,35950,23917,-1.5,11341,12033,0.09,0.32,-1.5,0.5,1.28,-2.82
10,F&F홀딩스,9103,4001,1614,6844,2007,18.6,4796,4837,0.35,0.7,18.6,2.41,1.33,65.55
11,GKL,4908,4571,2118,9094,3243,8.6,5330,5851,0.27,0.59,8.6,1.8,0.54,31.15
12,GS,177861,31175,47896,247341,137183,2.8,102829,110158,-0.07,0.42,2.8,0.8,0.72,10.94
13,GS건설,104166,73289,58009,131712,90282,3.6,28274,41430,0.12,0.21,3.6,0.46,0.79,13.38
14,GS글로벌,38894,7210,6726,12052,8253,-1.3,633,3799,0.04,0.05,-1.3,0.46,3.23,-0.67
15,GS리테일,90069,8004,17771,70497,44826,2.4,19686,25671,-0.14,0.28,2.4,0.57,1.28,9.76
16,IHQ,993,960,190,1658,290,-33.4,-245,1368,0.46,-0.15,-33.4,4.72,0.6,-106.45
17,JW생명과학,1702,599,669,2014,788,10.9,547,1226,-0.03,0.27,10.9,1.56,0.85,38.1
18,JW중외제약,5113,3351,2780,5732,3431,-4.3,868,2301,0.1,0.15,-4.3,0.67,0.89,-12.57
19,JW홀딩스,7264,5809,6513,12343,8918,-2.7,64,3425,-0.06,0.01,-2.7,0.38,0.59,-8.15
20,KCC,27196,32303,31876,93822,49290,-2.4,51321,44532,0.0,0.55,-2.4,0.9,0.29,-6.32
21,KCTC,4462,991,1325,4243,2270,2.1,1341,1973,-0.08,0.32,2.1,0.87,1.05,8.85
22,KC그린홀딩스,6989,4381,3817,8161,5218,1.9,1186,2943,0.07,0.15,1.9,0.56,0.86,7.76
23,KC코트렐,3006,2409,2155,3320,2558,0.2,417,762,0.08,0.13,0.2,0.3,0.91,2.03
24,KEC,2017,1455,949,3342,1203,-5.8,-186,2139,0.15,-0.06,-5.8,1.78,0.6,-17.38
25,컨버즈,458,151,294,271,306,-35.2,-1016,-35,-0.53,-3.75,-35.2,-0.11,1.69,-120.42
26,KG케미칼,20684,14417,15878,41515,28000,7.8,2609,13515,-0.04,0.06,7.8,0.48,0.5,26.56
27,KISCO홀딩스,11830,10948,1931,15573,2298,4.1,5695,13275,0.58,0.37,4.1,5.78,0.76,18.97
28,KPX케미칼,7657,2747,496,5379,556,8.0,4241,4823,0.42,0.79,8.0,8.67,1.42,34.63
29,KPX홀딩스,9727,4968,1850,14490,2677,5.3,3890,11813,0.22,0.27,5.3,4.41,0.67,21.45
30,KR모터스,1326,527,864,1441,1089,-27.5,-937,352,-0.23,-0.65,-27.5,0.32,0.92,-90.82
31,KSS해운,2312,642,1682,9572,6762,2.5,2525,2810,-0.11,0.26,2.5,0.42,0.24,8.97
32,KT,243421,118972,101481,345401,193566,2.0,116338,151835,0.05,0.34,2.0,0.78,0.7,8.3
33,KT&G,49632,64172,16001,107524,20129,9.9,75147,87395,0.45,0.7,9.9,4.34,0.46,37.25
35,KTcs,9449,2710,1630,3781,2140,2.1,1199,1641,0.29,0.32,2.1,0.77,2.5,10.69
36,LF,18517,9620,7100,24171,10256,3.4,8861,13915,0.1,0.37,3.4,1.36,0.77,13.44
37,LG,65345,39391,22448,224346,34136,4.9,156993,190210,0.08,0.7,4.9,5.57,0.29,20.88
38,LG디스플레이,234756,102483,109850,355746,230863,-8.4,75033,124883,-0.02,0.21,-8.4,0.54,0.66,-26.47
39,LX인터내셔널,105309,24840,21263,48760,33274,-0.3,8972,15486,0.07,0.18,-0.3,0.47,2.16,1.79
40,LG생활건강,76854,21631,17712,64937,22566,13.4,41749,42371,0.06,0.64,13.4,1.88,1.18,47.49
41,LG유플러스,123820,48055,46489,179411,105914,2.8,36736,73497,0.01,0.2,2.8,0.69,0.69,10.64
42,LG이노텍,79754,25309,20462,57708,35662,1.8,9893,22046,0.08,0.17,1.8,0.62,1.38,8.02
43,LG전자,623062,197535,176579,448599,284347,0.4,118573,164252,0.05,0.26,0.4,0.58,1.39,3.48
44,LX하우시스,31868,10224,9745,25656,16496,0.5,2836,9160,0.02,0.11,0.5,0.56,1.24,3.4
45,LG화학,273531,118697,89415,340244,166406,1.2,147987,173838,0.09,0.43,1.2,1.04,0.8,6.09
46,LIG넥스원,14527,13809,12375,23175,16835,0.1,3107,6340,0.06,0.13,0.1,0.38,0.63,1.44
47,LS,101518,60164,39734,107635,64922,0.9,28086,42713,0.19,0.26,0.9,0.66,0.94,4.9
48,LS네트웍스,4028,2677,1701,11736,6543,-5.7,1987,5193,0.08,0.17,-5.7,0.79,0.34,-17.66
49,LS ELECTRIC,23468,16669,7538,25381,11755,4.2,12464,13626,0.36,0.49,4.2,1.16,0.92,16.59
50,LS전선아시아,5203,2447,1917,3597,1984,4.8,392,1613,0.15,0.11,4.8,0.81,1.45,18.11
51,MH에탄올,809,328,2824,4515,3721,-1.7,611,794,-0.55,0.14,-1.7,0.21,0.18,-5.77
52,NAVER,43562,56437,37731,122995,57956,3.6,57121,65039,0.15,0.46,3.6,1.12,0.35,13.73
53,NHN,14886,10587,5328,25003,6716,0.9,4002,18287,0.21,0.16,0.9,2.72,0.6,5.68
55,NICE,18738,15015,11317,25648,13412,3.3,4274,12236,0.14,0.17,3.3,0.91,0.73,12.57
56,NPC,4545,1664,995,4038,1196,3.6,2349,2842,0.17,0.58,3.6,2.38,1.13,15.45
57,OCI,26051,21607,8458,48112,21255,-15.4,17041,26857,0.27,0.35,-15.4,1.26,0.54,-48.71
58,POSCO홀딩스,643668,348424,163237,790587,312640,2.5,450801,477947,0.23,0.57,2.5,1.53,0.81,11.05
59,SNT에너지,2133,2050,675,3339,889,5.0,2024,2450,0.41,0.61,5.0,2.76,0.64,20.14
60,SNT모티브,9763,6259,2411,10389,3029,0.3,5990,7360,0.37,0.58,0.3,2.43,0.94,4.64
61,SNT중공업,3751,4114,1063,8414,2243,2.0,5782,6171,0.36,0.69,2.0,2.75,0.45,10.1
62,SNT홀딩스,15121,12665,4056,22367,6107,5.7,5280,16260,0.38,0.24,5.7,2.66,0.68,21.88
63,S-Oil,243942,56289,57487,163334,98368,0.4,48482,64966,-0.01,0.3,0.4,0.66,1.49,3.61
64,SBS,8177,7170,3930,12478,6006,1.9,4309,6472,0.26,0.35,1.9,1.08,0.66,8.38
65,SBS미디어홀딩스,1756,2246,541,6741,736,-13.5,1103,6005,0.25,0.16,-13.5,8.16,0.26,-38.87
66,SG세계물산,2461,1452,739,2877,828,3.1,680,2049,0.25,0.24,3.1,2.47,0.86,13.21
67,SG글로벌,930,487,575,2041,740,0.4,623,1301,-0.04,0.31,0.4,1.76,0.46,3.22
68,SH에너지화학,1409,836,75,1234,244,-2.5,364,990,0.62,0.29,-2.5,4.06,1.14,-3.53
69,SIMPAC,4301,2892,2195,6791,2380,1.4,2800,4411,0.1,0.41,1.4,1.85,0.63,7.05
70,SJM,1577,1440,327,2204,454,3.6,1198,1750,0.5,0.54,3.6,3.85,0.72,16.27
71,SJM홀딩스,1608,1868,402,3089,561,3.1,1260,2528,0.47,0.41,3.1,4.51,0.52,14.59
72,SK,978115,400154,356271,1326114,804354,1.3,125566,521760,0.03,0.09,1.3,0.65,0.74,5.58
73,SKC,23611,9927,10432,39730,22466,1.7,13500,17264,-0.01,0.34,1.7,0.77,0.59,7.13
74,SK가스,49311,17138,15704,40824,24216,3.9,14567,16608,0.04,0.36,3.9,0.69,1.21,15.04
75,SK네트웍스,130542,39657,45220,101388,78335,-1.4,8127,23053,-0.05,0.08,-1.4,0.29,1.29,-3.11
76,SK디앤디,4547,8182,5674,13969,10355,3.1,1723,3614,0.18,0.12,3.1,0.35,0.33,11.15
77,SK이노베이션,493069,173536,104572,395345,213213,0.2,121752,182132,0.17,0.31,0.2,0.85,1.25,3.06
79,SK디스커버리,50211,20149,16847,50001,26769,5.1,20787,23232,0.07,0.42,5.1,0.87,1.0,19.02
80,SK텔레콤,177407,80885,78517,452024,223854,2.0,222287,228170,0.01,0.49,2.0,1.02,0.39,8.3
81,SK하이닉스,269907,144576,79620,652484,173125,3.1,429234,479359,0.1,0.66,3.1,2.77,0.41,13.35
82,SPC삼립,24992,3701,4539,11963,8736,2.1,3047,3227,-0.07,0.25,2.1,0.37,2.09,9.51
83,STX,14637,3864,4398,5601,5038,-6.0,-256,563,-0.1,-0.05,-6.0,0.11,2.61,-17.32
84,STX엔진,6106,4390,3553,8284,5909,2.4,-4587,2375,0.1,-0.55,2.4,0.4,0.74,8.25
85,STX중공업,2540,2213,1985,4475,3175,-7.1,-4430,1300,0.05,-0.99,-7.1,0.41,0.57,-23.94
86,TCC스틸,4372,1490,1660,3142,1974,1.6,742,1168,-0.05,0.24,1.6,0.59,1.39,7.3
87,WISCOM,1155,771,136,1351,166,0.8,892,1185,0.47,0.66,0.8,7.14,0.85,9.26
88,YG PLUS,1136,690,338,1567,449,-2.8,-148,1118,0.22,-0.09,-2.8,2.49,0.72,-6.89
89,가온전선,8303,2648,1681,5126,2558,1.1,2183,2568,0.19,0.43,1.1,1.0,1.62,6.68
90,강남제비스코,3325,1788,599,6723,1111,2.6,4505,5612,0.18,0.67,2.6,5.05,0.49,13.25
91,강원랜드,15201,18782,6513,44381,7204,7.7,36555,37177,0.28,0.82,7.7,5.16,0.34,30.33
92,경농,2275,1850,1226,3709,1690,1.1,1334,2019,0.17,0.36,1.1,1.19,0.61,5.66
93,경동나비엔,7743,2743,2703,6098,3088,4.7,2677,3010,0.01,0.44,4.7,0.97,1.27,17.99
95,경동인베스트,2717,2365,847,6055,1909,1.5,5810,4146,0.25,0.96,1.5,2.17,0.45,8.35
96,경방,3439,2649,1924,13707,6292,3.3,7422,7415,0.05,0.54,3.3,1.18,0.25,12.66
97,경인양행,3588,2519,1926,4721,2346,3.7,1593,2375,0.13,0.34,3.7,1.01,0.76,14.21
98,경인전자,133,449,19,569,24,0.4,308,545,0.76,0.54,0.4,22.71,0.23,16.84
99,계룡건설,22757,12772,11532,20046,15019,4.0,3931,5027,0.06,0.2,4.0,0.33,1.14,14.89
100,계양전기,3750,1444,659,2799,954,0.1,1262,1845,0.28,0.45,0.1,1.93,1.34,3.79
101,고려산업,1925,1094,952,2065,1107,2.3,689,958,0.07,0.33,2.3,0.87,0.93,9.59
102,고려아연,66948,45979,7043,78406,10022,8.5,65917,68384,0.5,0.84,8.5,6.82,0.85,34.77
103,고려제강,16397,9162,6405,23466,8758,-0.2,13408,14708,0.12,0.57,-0.2,1.68,0.7,1.99
105,광동제약,12383,5260,3084,7928,3453,3.0,3693,4475,0.27,0.47,3.0,1.3,1.56,13.22
106,광명전기,1319,871,451,1567,513,4.6,539,1054,0.27,0.34,4.6,2.05,0.84,18.05
107,광전자,1662,1275,226,2603,379,1.3,523,2224,0.4,0.2,1.3,5.87,0.64,9.21
109,국도화학,11214,4387,2309,9054,3709,4.0,4670,5345,0.23,0.52,4.0,1.44,1.24,16.31
110,국동,2231,895,429,1333,688,-3.1,60,645,0.35,0.05,-3.1,0.94,1.67,-7.51
111,국보,891,705,753,1154,868,-8.2,-137,286,-0.04,-0.12,-8.2,0.33,0.77,-26.31
112,국제약품,1111,611,593,1346,736,-3.7,5,610,0.01,0.0,-3.7,0.83,0.83,-10.87
113,극동유화,7956,1185,807,2899,1206,5.0,1548,1693,0.13,0.53,5.0,1.4,2.74,20.98
114,금강공업,5497,3886,4442,8340,4881,-0.6,2276,3459,-0.07,0.27,-0.6,0.71,0.66,-0.6
115,금비,2193,991,814,3340,1765,-1.2,866,1575,0.05,0.26,-1.2,0.89,0.66,-2.34
116,금양,1727,1303,1402,2242,1559,-5.1,262,683,-0.04,0.12,-5.1,0.44,0.77,-15.68
117,금호건설,15977,10143,7631,13374,9609,0.9,2018,3765,0.19,0.15,0.9,0.39,1.19,4.83
118,금호석유,49615,12614,12756,45380,19085,6.4,21867,26295,-0.0,0.48,6.4,1.38,1.09,23.71
119,금호에이치티,2511,2049,1325,3221,1494,0.0,885,1727,0.22,0.27,0.0,1.16,0.78,2.12
120,금호전기,592,355,492,731,562,-27.3,-493,169,-0.19,-0.67,-27.3,0.3,0.81,-90.27
121,금호타이어,23692,10867,9377,39295,26368,-1.1,-3737,12927,0.04,-0.1,-1.1,0.49,0.6,-2.83
122,기신정기,1247,1378,133,2517,144,3.5,2015,2373,0.49,0.8,3.5,16.48,0.5,23.65
123,기아,581460,215554,172766,553448,263667,3.4,260562,289781,0.08,0.47,3.4,1.1,1.05,13.68
124,깨끗한나라,5942,1154,2464,5383,3758,-2.1,-533,1625,-0.24,-0.1,-2.1,0.43,1.1,-6.0
125,에이프로젠 MED,782,3471,1087,6472,1296,3.5,-390,5176,0.37,-0.06,3.5,3.99,0.12,14.42
126,남광토건,2362,1419,1403,2026,1497,2.2,196,529,0.01,0.1,2.2,0.35,1.17,8.79
127,남선알미늄,3248,1203,730,2955,1164,4.8,1226,1791,0.16,0.41,4.8,1.54,1.1,18.63
128,남성,730,814,880,2048,1189,-1.1,477,859,-0.03,0.23,-1.1,0.72,0.36,-2.55
129,남양유업,10308,5469,1007,10564,1441,2.8,9293,9123,0.42,0.88,2.8,6.33,0.98,15.75
130,비비안,1967,703,234,1333,320,-1.8,736,1013,0.35,0.55,-1.8,3.17,1.48,-1.37
131,남해화학,11872,3738,1267,5811,1472,2.8,3467,4339,0.43,0.6,2.8,2.95,2.04,14.4
132,넥센,22913,12054,6857,40980,20577,3.3,8569,20403,0.13,0.21,3.3,0.99,0.56,12.49
133,넥센타이어,20223,10886,6184,34361,18781,3.6,14103,15580,0.14,0.41,3.6,0.83,0.59,13.71
134,넷마블,21787,25601,6646,58061,11577,3.0,9145,46484,0.33,0.16,3.0,4.02,0.38,13.31
135,노루페인트,6475,2637,1949,6273,3050,3.1,2075,3223,0.11,0.33,3.1,1.06,1.03,12.49
136,노루홀딩스,8843,4528,2714,10074,4399,2.0,3011,5675,0.18,0.3,2.0,1.29,0.88,8.89
137,녹십자,13571,9618,4014,19593,7752,-0.6,6795,11841,0.29,0.35,-0.6,1.53,0.69,0.47
138,녹십자홀딩스,14936,11237,6763,27739,12673,-1.1,7453,15066,0.16,0.27,-1.1,1.19,0.54,-1.81
139,농심,23439,10786,5850,26531,7123,2.7,18780,19408,0.19,0.71,2.7,2.72,0.88,12.64
140,농심홀딩스,5367,2208,2477,12165,2944,3.0,6380,9221,-0.02,0.52,3.0,3.13,0.44,12.92
141,다우기술,29018,205307,131624,247416,220774,1.8,10586,26642,0.3,0.04,1.8,0.12,0.12,6.55
142,키다리스튜디오,267,223,82,420,210,7.5,92,210,0.34,0.22,7.5,1.0,0.64,26.71
143,대교,7619,2726,1788,9199,3066,2.0,5725,6133,0.1,0.62,2.0,2.0,0.83,9.62
144,대구백화점,1015,1826,3227,6736,3874,-2.8,1725,2862,-0.21,0.26,-2.8,0.74,0.15,-8.53
146,대동,8344,4737,4815,8274,6085,0.3,1845,2189,-0.01,0.22,0.3,0.36,1.01,2.51
147,대동전자,450,791,114,1790,320,2.6,1080,1470,0.38,0.6,2.6,4.59,0.25,12.88
148,대림B&Co,2364,1138,683,3092,1498,0.7,1323,1594,0.15,0.43,0.7,1.06,0.76,4.49
149,DL,16604,67397,42714,134452,67085,5.4,53299,67367,0.18,0.4,5.4,1.0,0.12,19.32
150,삼일씨엔에스,1955,1484,454,3372,584,0.8,1919,2788,0.31,0.57,0.8,4.77,0.58,7.25
151,대림통상,1836,1026,666,1795,878,-6.2,30,917,0.2,0.02,-6.2,1.04,1.02,-18.55
152,대상,29640,10778,7951,23896,13749,4.8,7226,10147,0.12,0.3,4.8,0.74,1.24,18.09
153,대상홀딩스,35525,12713,9321,28888,16870,5.0,2975,12018,0.12,0.1,5.0,0.71,1.23,18.44
154,대성산업,8699,1873,3602,10324,6451,-5.9,2834,3873,-0.17,0.27,-5.9,0.6,0.84,-18.1
155,대성에너지,7749,2107,2299,6972,3907,1.9,738,3065,-0.03,0.11,1.9,0.78,1.11,7.96
156,대성홀딩스,9186,3034,3259,11358,5960,1.6,4017,5398,-0.02,0.35,1.6,0.91,0.81,7.1
158,대우건설,86519,60494,50847,96977,72094,2.2,1886,24883,0.1,0.02,2.2,0.35,0.89,8.51
159,대우조선해양,83587,68711,48075,112761,75212,-0.4,5584,37549,0.18,0.05,-0.4,0.5,0.74,0.01
160,대웅,13657,7578,2949,16709,6548,4.3,4772,10161,0.28,0.29,4.3,1.55,0.82,16.68
161,대웅제약,11134,5263,2621,12457,6097,2.4,4454,6360,0.21,0.36,2.4,1.04,0.89,10.19
162,대원강업,9602,3219,3720,10480,4607,2.0,4410,5873,-0.05,0.42,2.0,1.27,0.92,8.81
163,대원전선,4013,1426,950,1896,1092,-0.4,421,804,0.25,0.22,-0.4,0.74,2.12,1.85
164,대원제약,3178,1215,617,3275,1233,8.9,1883,2042,0.18,0.57,8.9,1.66,0.97,32.35
165,대원화성,1331,616,399,1305,511,4.6,352,794,0.17,0.27,4.6,1.55,1.02,17.71
166,대유에이텍,12850,5335,7164,11173,8813,1.8,-35,2360,-0.16,-0.0,1.8,0.27,1.15,7.06
167,대유플러스,4573,8486,8712,10891,9282,2.0,-405,1609,-0.02,-0.04,2.0,0.17,0.42,7.04
168,대창,8990,3236,3259,5761,3611,0.8,785,2150,-0.0,0.14,0.8,0.6,1.56,4.75
169,대창단조,2773,1621,329,2386,481,6.7,1722,1905,0.54,0.72,6.7,3.96,1.16,27.3
170,대한방직,1563,897,573,1977,717,-6.9,1270,1260,0.16,0.64,-6.9,1.76,0.79,-19.84
171,대한유화,20743,4642,914,20265,2479,5.3,14791,17786,0.18,0.73,5.3,7.17,1.02,24.05
172,대한전선,15547,7186,8822,12351,9224,-1.1,1897,3127,-0.13,0.15,-1.1,0.34,1.26,-2.11
173,대한제강,10217,2990,1519,6352,1732,4.6,4345,4620,0.23,0.68,4.6,2.67,1.61,19.62
174,대한제당,12044,5224,4043,11431,6788,1.3,2478,4643,0.1,0.22,1.3,0.68,1.05,6.17
175,대한제분,9339,4310,1783,10051,2453,1.8,6999,7598,0.25,0.7,1.8,3.1,0.93,10.01
176,대한항공,123843,35747,87773,270141,242333,-2.4,-3458,27808,-0.19,-0.01,-2.4,0.11,0.46,-7.64
177,대한해운,10057,4196,7754,33409,24457,3.2,3936,8952,-0.11,0.12,3.2,0.37,0.3,11.12
178,더존비즈온,2627,1020,951,7270,3640,10.2,1809,3630,0.01,0.25,10.2,1.0,0.36,34.98
179,덕성,867,609,334,1029,399,0.2,466,630,0.27,0.45,0.2,1.58,0.84,3.4
180,덕양산업,13594,3036,4006,5096,4470,-3.2,-68,626,-0.19,-0.01,-3.2,0.14,2.67,-8.05
181,덴티움,2526,2258,1747,5471,3406,2.8,1721,2065,0.09,0.31,2.8,0.61,0.46,10.61
182,도화엔지니어링,5161,1755,1442,4090,1564,4.4,2102,2526,0.08,0.51,4.4,1.62,1.26,17.56
183,케이비아이동국실업,6156,2111,3386,5597,3833,0.1,1362,1764,-0.23,0.24,0.1,0.46,1.1,1.76
184,동국제강,56584,19408,28493,54390,34939,-1.5,4003,19451,-0.17,0.07,-1.5,0.56,1.04,-3.68
185,동방,6330,1829,3739,6284,5128,-1.5,157,1156,-0.3,0.02,-1.5,0.23,1.01,-4.14
186,동방아그로,1246,1340,312,1940,569,3.4,1350,1371,0.53,0.7,3.4,2.41,0.64,14.92
187,동부건설,11554,5733,3617,8919,4713,7.5,2180,4206,0.24,0.24,7.5,0.89,1.3,27.21
188,KG스틸,24283,7608,6418,23553,14658,-1.4,-9215,8895,0.05,-0.39,-1.4,0.61,1.03,-3.71
189,동서,5054,7298,571,14783,1272,9.7,12269,13511,0.46,0.83,9.7,10.62,0.34,40.44
190,동성케미컬,8498,3899,3020,8505,4321,3.0,897,4184,0.1,0.11,3.0,0.97,1.0,11.76
191,동성화학,1914,1109,613,1841,712,2.9,771,1129,0.27,0.42,2.9,1.59,1.04,12.47
192,동아쏘시오홀딩스,7697,3153,4144,13586,6117,1.5,4846,7469,-0.07,0.36,1.5,1.22,0.57,6.67
193,다스코,2162,1205,810,2147,914,0.9,971,1233,0.18,0.45,0.9,1.35,1.01,5.63
194,동아에스티,6123,4533,2161,10088,3629,7.3,1634,6459,0.24,0.16,7.3,1.78,0.61,26.28
195,동아지질,3809,2178,1266,3223,1284,6.3,1435,1939,0.28,0.45,6.3,1.51,1.18,23.84
197,동양,5391,3882,1638,10174,1983,-0.2,1368,8191,0.22,0.13,-0.2,4.13,0.53,2.79
198,동양고속,1405,283,322,1868,546,17.1,729,1322,-0.02,0.39,17.1,2.42,0.75,59.15
199,비케이탑스,116,180,536,986,571,-27.4,-971,415,-0.36,-0.98,-27.4,0.73,0.12,-91.67
200,TYM,6174,3943,3941,6286,4815,0.9,490,1471,0.0,0.08,0.9,0.31,0.98,4.25
201,동양철관,1634,794,758,1642,844,1.1,-316,798,0.02,-0.19,1.1,0.95,1.0,4.96
202,동양피스톤,3648,1599,1775,3503,2421,3.0,800,1082,-0.05,0.23,3.0,0.45,1.04,11.47
203,넥스트사이언스,300,580,314,1294,483,-15.8,-485,811,0.21,-0.37,-15.8,1.68,0.23,-51.17
204,동원F&B,30303,6790,5164,15735,8923,4.4,5801,6812,0.1,0.37,4.4,0.76,1.93,17.54
205,동원금속,4566,1708,3205,5110,4414,3.4,233,696,-0.29,0.05,3.4,0.16,0.89,11.93
206,동원산업,26826,12018,9517,29860,19076,1.8,9552,10784,0.08,0.32,1.8,0.57,0.9,7.73
207,동원수산,1640,662,274,987,478,6.0,115,509,0.39,0.12,6.0,1.06,1.66,22.73
208,동원시스템즈,10424,4218,2165,11546,5808,4.1,2162,5738,0.18,0.19,4.1,0.99,0.9,15.51
209,동일고무벨트,2619,1535,715,2814,879,2.9,845,1935,0.29,0.3,2.9,2.2,0.93,12.59
210,DI동일,6849,2565,2650,8884,3930,1.5,5052,4954,-0.01,0.57,1.5,1.26,0.77,7.26
211,동일산업,3547,2741,392,4049,510,0.9,3422,3539,0.58,0.85,0.9,6.94,0.88,9.9
212,동화약품,3072,2355,557,3764,766,2.4,2456,2998,0.48,0.65,2.4,3.91,0.82,12.57
213,두산,180416,110480,162058,291697,223502,1.5,12507,68195,-0.18,0.04,1.5,0.31,0.62,5.6
214,두산건설,15359,10042,15395,28456,18802,-6.3,5986,9654,-0.19,0.21,-6.3,0.51,0.54,-19.88
215,두산밥캣,45096,15196,11391,67042,27252,4.1,13896,39790,0.06,0.21,4.1,1.46,0.67,15.44
216,HSD엔진,6743,3802,6207,8301,6416,-5.3,-359,1885,-0.29,-0.04,-5.3,0.29,0.81,-16.91
217,현대두산인프라코어,81858,43049,44844,113386,70710,3.5,12579,42676,-0.02,0.11,3.5,0.6,0.72,12.76
218,두산중공업,156597,93516,137732,248092,186073,-0.4,-9742,62019,-0.18,-0.04,-0.4,0.33,0.63,-0.76
219,두올,4659,1980,1538,3643,1873,3.7,788,1770,0.12,0.22,3.7,0.95,1.28,14.51
220,디아이,1095,1010,559,2148,725,0.2,768,1423,0.21,0.36,0.2,1.96,0.51,3.1
221,디아이씨,5378,3090,4722,7798,5937,-7.0,157,1861,-0.21,0.02,-7.0,0.31,0.69,-22.45
222,디와이,8543,4038,2145,7545,2802,4.3,2606,4743,0.25,0.35,4.3,1.69,1.13,17.12
223,디와이파워,3435,1480,802,2626,956,7.3,795,1670,0.26,0.3,7.3,1.75,1.31,27.18
224,디티알오토모티브,9298,4319,2684,9117,2856,7.7,8880,6261,0.18,0.97,7.7,2.19,1.02,29.32
225,스틱인베스트먼트,1645,1251,589,2209,644,5.4,1000,1565,0.3,0.45,5.4,2.43,0.74,21.01
226,락앤락,4860,4095,674,7999,1159,2.1,3864,6840,0.43,0.48,2.1,5.9,0.61,12.27
227,롯데관광개발,884,531,2507,5750,2693,-2.7,-2643,3057,-0.34,-0.46,-2.7,1.14,0.15,-9.13
228,롯데쇼핑,176220,61073,82019,339726,221816,-2.7,99102,117910,-0.06,0.29,-2.7,0.53,0.52,-7.74
229,롯데정밀화학,13113,8605,2825,17927,2996,9.6,10631,14931,0.32,0.59,9.6,4.98,0.73,36.61
231,롯데지주,88562,31266,37869,156058,78132,-1.9,49072,77926,-0.04,0.31,-1.9,1.0,0.57,-4.71
232,롯데칠성,24295,7884,9416,32565,20285,-4.4,19083,12280,-0.05,0.59,-4.4,0.61,0.75,-12.64
233,롯데케미칼,151235,72209,27400,200431,59900,3.7,121584,140531,0.22,0.61,3.7,2.35,0.75,15.49
234,롯데푸드,17880,6245,4538,13212,6136,3.0,9229,7076,0.13,0.7,3.0,1.15,1.35,13.07
235,마니커,2417,301,589,1830,952,-9.3,-549,878,-0.16,-0.3,-9.3,0.92,1.32,-29.43
236,만도,59819,21098,17568,45956,30100,2.6,7545,15856,0.08,0.16,2.6,0.53,1.3,10.52
237,쎌마테라퓨틱스,77,108,122,154,128,-145.0,-475,26,-0.09,-3.08,-145.0,0.2,0.5,-482.3
239,명문제약,1493,1007,1334,2644,1842,-8.2,-83,802,-0.12,-0.03,-8.2,0.44,0.56,-26.42
240,모나미,1320,813,822,2007,1096,0.7,423,911,-0.0,0.21,0.7,0.83,0.66,3.76
241,모토닉,2076,3416,268,4409,330,2.6,3746,4079,0.71,0.85,2.6,12.36,0.47,18.51
242,무림P&P,6313,3190,3924,13503,7298,0.8,3401,6205,-0.05,0.25,0.8,0.85,0.47,3.91
243,무림페이퍼,11237,5957,7714,21585,14706,-0.3,1554,6879,-0.08,0.07,-0.3,0.47,0.52,-0.19
244,무학,1558,1150,937,6246,1097,3.8,5005,5149,0.03,0.8,3.8,4.69,0.25,16.76
245,미래산업,277,517,47,748,85,-8.6,-559,663,0.63,-0.75,-8.6,7.8,0.37,-23.62
247,미원상사,2500,1202,355,2807,561,11.8,1828,2246,0.3,0.65,11.8,4.0,0.89,43.5
249,미원홀딩스,1884,929,500,3152,1176,6.1,470,1976,0.14,0.15,6.1,1.68,0.6,22.12
250,미창석유,3237,2095,318,2954,374,6.1,2539,2580,0.6,0.86,6.1,6.9,1.1,27.29
252,방림,1165,1526,371,2369,449,2.2,889,1920,0.49,0.38,2.2,4.28,0.49,11.44
253,백광산업,1684,664,940,3288,1615,5.1,204,1673,-0.08,0.06,5.1,1.04,0.51,17.95
254,태경비케이,1864,1031,699,3014,985,3.3,692,2029,0.11,0.23,3.3,2.06,0.62,13.2
255,백산,4689,1967,1559,3306,1884,2.0,1032,1422,0.12,0.31,2.0,0.75,1.42,9.05
256,범양건영,2761,708,400,1385,685,15.4,81,700,0.22,0.06,15.4,1.02,1.99,53.77
257,벽산,4335,2014,1340,4627,1712,-0.4,1794,2915,0.15,0.39,-0.4,1.7,0.94,1.37
258,보령제약,5243,2319,1392,5076,2247,6.7,2737,2829,0.18,0.54,6.7,1.26,1.03,24.87
259,보해양조,760,581,554,1631,867,-11.1,-257,764,0.02,-0.16,-11.1,0.88,0.47,-35.83
260,부광약품,1682,1864,359,3885,620,-1.7,3104,3265,0.39,0.8,-1.7,5.27,0.43,-0.43
262,부산산업,1410,677,484,1360,583,5.2,396,777,0.14,0.29,5.2,1.33,1.04,19.57
263,비상교육,1994,1493,646,2862,718,4.1,1665,2144,0.3,0.58,4.1,2.99,0.7,17.2
264,빙그레,8783,4051,943,6849,1138,6.1,4810,5711,0.45,0.7,6.1,5.02,1.28,25.94
265,사조대림,13297,4331,4709,10709,6470,9.7,2451,4239,-0.04,0.23,9.7,0.66,1.24,33.92
266,사조동아원,4122,1856,2332,4669,2699,0.2,131,1970,-0.1,0.03,0.2,0.73,0.88,1.9
267,사조산업,7354,3257,3696,11374,6524,-1.3,3571,4850,-0.04,0.31,-1.3,0.74,0.65,-2.81
268,사조해표,6534,1540,2084,3803,2315,3.8,867,1488,-0.14,0.23,3.8,0.64,1.72,14.8
269,SGC에너지,2842,1780,3495,6959,3833,0.1,2342,3126,-0.25,0.34,0.1,0.82,0.41,1.41
270,삼부토건,2263,2592,1333,4207,2201,1.8,154,2006,0.3,0.04,1.8,0.91,0.54,7.44
271,삼성SDI,100974,51814,37415,198521,71918,2.1,69069,126603,0.07,0.35,2.1,1.76,0.51,9.07
272,삼성공조,752,1267,350,2584,397,1.9,2094,2187,0.35,0.81,1.9,5.51,0.29,11.42
273,삼성물산,307615,117537,109294,459055,192134,2.4,76010,266921,0.02,0.17,2.4,1.39,0.67,9.69
274,삼성바이오로직스,7016,13563,6905,59116,15572,3.4,17126,43544,0.11,0.29,3.4,2.8,0.12,13.56
275,삼성에스디에스,107196,63838,16982,90212,22961,8.8,54035,67251,0.52,0.6,8.8,2.93,1.19,33.45
276,삼성엔지니어링,63921,29018,29775,45657,32705,7.1,5186,12952,-0.02,0.11,7.1,0.4,1.4,25.2
277,삼성전기,77183,35075,18504,86742,32442,6.1,35729,54300,0.19,0.41,6.1,1.67,0.89,22.82
278,삼성전자,2304009,1813853,637828,3525645,896841,6.3,2545829,2628804,0.33,0.72,6.3,2.93,0.65,24.6
279,삼성중공업,73497,69295,70891,136001,83512,-9.4,15022,52489,-0.01,0.11,-9.4,0.63,0.54,-29.96
281,삼성출판사,2020,949,707,2416,1202,3.1,582,1214,0.1,0.24,3.1,1.01,0.84,12.13
282,삼성카드,80,6493,109,220382,5,2.4,45432,220377,0.03,0.21,2.4,44075.4,0.0,26453.49
283,삼아알미늄,1911,791,864,2085,996,2.4,986,1089,-0.04,0.47,2.4,1.09,0.92,10.1
284,삼양사,20964,8075,4001,23882,10937,2.3,2404,12945,0.17,0.1,2.3,1.18,0.88,9.52
285,삼양식품,5436,1846,1495,4704,1827,13.6,2311,2877,0.07,0.49,13.6,1.57,1.16,47.75
286,삼양통상,1921,2658,309,3717,429,12.6,2778,3288,0.63,0.75,12.6,7.66,0.52,48.5
287,삼양홀딩스,24886,12595,5271,35895,15600,1.8,9849,20295,0.2,0.27,1.8,1.3,0.69,8.03
288,삼영무역,2742,3090,839,5173,1171,7.2,3270,4002,0.44,0.63,7.2,3.42,0.53,27.75
289,삼영전자,2010,3229,164,5027,183,1.7,3307,4844,0.61,0.66,1.7,26.47,0.4,23.55
290,삼영화학,1111,454,525,1070,627,-1.8,-22,443,-0.07,-0.02,-1.8,0.71,1.04,-4.59
291,삼익악기,2654,1766,1525,6129,3887,2.2,1799,2242,0.04,0.29,2.2,0.58,0.43,8.49
292,삼일제약,1211,792,682,1839,1216,0.5,352,623,0.06,0.19,0.5,0.51,0.66,2.95
293,삼천리,34616,13157,9733,39124,25194,1.0,12906,13930,0.09,0.33,1.0,0.55,0.88,5.08
294,삼호개발,3646,1796,954,2988,1080,7.5,1653,1908,0.28,0.55,7.5,1.77,1.22,28.14
295,삼화왕관,1160,546,304,2387,936,4.1,1056,1451,0.1,0.44,4.1,1.55,0.49,15.69
296,삼화전기,1951,670,473,1252,639,2.8,161,613,0.16,0.13,2.8,0.96,1.56,11.75
297,삼화전자,418,170,327,604,442,-5.2,-313,162,-0.26,-0.52,-5.2,0.37,0.69,-17.29
298,삼화콘덴서,2545,1014,534,2148,609,13.7,1319,1539,0.22,0.61,13.7,2.53,1.18,49.02
299,삼화페인트,5403,2758,2177,5606,2785,0.7,2728,2821,0.1,0.49,0.7,1.01,0.96,4.68
300,상신브레이크,3919,2495,2045,4523,2754,1.3,1622,1769,0.1,0.36,1.3,0.64,0.87,6.17
301,새론오토모티브,1527,1407,263,2555,426,-3.2,1968,2129,0.45,0.77,-3.2,5.0,0.6,-5.34
302,샘표,2810,1339,554,3386,822,7.5,1247,2564,0.23,0.37,7.5,3.12,0.83,28.25
303,샘표식품,2808,948,537,2258,688,12.4,589,1570,0.18,0.26,12.4,2.28,1.24,44.11
304,서연,22026,9193,11336,22154,14104,-3.9,6555,8050,-0.1,0.3,-3.9,0.57,0.99,-11.24
305,서연이화,19768,7904,9624,18205,11989,-2.8,1715,6216,-0.09,0.09,-2.8,0.52,1.09,-7.82
306,서울가스,13610,7355,3316,15834,6156,2.0,9553,9678,0.26,0.6,2.0,1.57,0.86,9.55
307,서원,2577,915,1048,2220,1143,1.4,271,1077,-0.06,0.12,1.4,0.94,1.16,6.44
308,서흥,4607,2646,1963,7089,3799,5.5,2700,3290,0.1,0.38,5.5,0.87,0.65,19.97
309,선도전기,893,715,404,1670,805,-1.4,427,865,0.19,0.26,-1.4,1.07,0.53,-2.86
310,선진,10140,4403,5075,9833,6520,2.1,2332,3313,-0.07,0.24,2.1,0.51,1.03,8.52
311,SUN&L,4559,2251,2293,5436,3268,-6.8,963,2168,-0.01,0.18,-6.8,0.66,0.84,-20.96
312,성문전자,359,221,124,425,151,-4.3,102,274,0.23,0.24,-4.3,1.81,0.84,-11.65
313,성보화학,419,941,166,1724,258,-1.6,907,1466,0.45,0.53,-1.6,5.68,0.24,-0.35
314,성신양회,7074,2568,4387,10294,6291,1.7,2238,4003,-0.18,0.22,1.7,0.64,0.69,6.78
315,성안,2169,1570,1688,3114,2321,-5.4,130,793,-0.04,0.04,-5.4,0.34,0.7,-16.91
316,성창기업지주,1510,806,950,7033,1779,-1.6,1903,5254,-0.02,0.27,-1.6,2.95,0.21,-2.95
317,세방,7233,2292,1744,11160,2897,0.6,6285,8263,0.05,0.56,0.6,2.85,0.65,5.18
318,세방전지,11390,8719,4282,15107,4560,5.6,9994,10547,0.29,0.66,5.6,2.31,0.75,21.89
319,세아베스틸,29365,13448,7358,35769,15938,0.5,12319,19831,0.17,0.34,0.5,1.24,0.82,3.89
320,세아제강지주,26439,12852,7698,24485,10962,0.6,8316,13523,0.21,0.34,0.6,1.23,1.08,4.52
321,세아특수강,7175,3742,2249,5732,2458,2.1,2389,3274,0.26,0.42,2.1,1.33,1.25,9.88
322,세아홀딩스,49307,23263,13629,54567,24243,0.9,16044,30324,0.18,0.29,0.9,1.25,0.9,5.24
323,세우글로벌,275,362,56,455,57,0.2,86,398,0.67,0.19,0.2,6.98,0.6,6.52
324,세원이앤씨,1819,1437,1139,3587,1821,-1.7,-378,1766,0.08,-0.11,-1.7,0.97,0.51,-4.58
325,세원정공,1569,2492,712,6128,948,0.8,4055,5180,0.29,0.66,0.8,5.46,0.26,7.45
326,세종공업,12217,5591,5313,9960,6148,0.2,3667,3812,0.03,0.37,0.2,0.62,1.23,2.81
327,세진중공업,2959,1379,2022,4086,2463,0.8,1263,1623,-0.16,0.31,0.8,0.66,0.72,4.0
328,다이나믹디자인,994,522,1126,1610,1395,-3.3,-591,215,-0.38,-0.37,-3.3,0.15,0.62,-11.15
329,송원산업,8143,3988,2934,8943,4597,4.0,3998,4346,0.12,0.45,4.0,0.95,0.91,15.45
330,수산중공업,1578,859,542,1832,828,0.1,729,1004,0.17,0.4,0.1,1.21,0.86,2.68
331,한국수출포장,2716,966,387,3081,603,5.9,2097,2478,0.19,0.68,5.9,4.11,0.88,24.0
332,스카이라이프,6946,4591,1235,8483,1428,6.7,4230,7055,0.4,0.5,6.7,4.94,0.82,27.07
333,신대양제지,6468,2443,1037,7686,1948,9.5,3774,5738,0.18,0.49,9.5,2.95,0.84,34.86
334,신도리코,4271,7747,625,9475,769,1.5,7184,8706,0.75,0.76,1.5,11.32,0.45,14.16
335,신라교역,3696,2659,811,6199,1018,1.7,5042,5181,0.3,0.81,1.7,5.09,0.6,10.76
336,신성이엔지,4028,1769,2775,4166,2944,0.5,-634,1222,-0.24,-0.15,0.5,0.42,0.97,2.37
337,신성통상,10272,4756,4528,8583,6276,0.0,856,2307,0.03,0.1,0.0,0.37,1.2,1.6
338,신세계,63942,18312,31730,130185,75034,4.9,29209,55151,-0.1,0.22,4.9,0.74,0.49,17.29
339,신세계인터내셔날,14250,4363,2923,11289,5296,7.0,4434,5993,0.13,0.39,7.0,1.13,1.26,25.74
340,신세계푸드,13201,2839,2605,7333,4182,0.6,2278,3151,0.03,0.31,0.6,0.75,1.8,4.7
341,신송홀딩스,2630,658,642,1999,1092,-17.0,56,907,0.01,0.03,-17.0,0.83,1.32,-54.23
342,신영와코루,1781,1496,273,3483,339,0.8,2535,3144,0.35,0.73,0.8,9.27,0.51,10.15
344,신원,6749,2726,1391,4034,2019,0.1,1199,2015,0.33,0.3,0.1,1.0,1.67,3.41
345,신풍제약,1897,2192,1340,3801,1710,1.4,1465,2091,0.22,0.39,1.4,1.22,0.5,6.66
346,신풍제지,1569,1140,1144,1856,1167,11.1,603,689,-0.0,0.32,11.1,0.59,0.85,38.28
347,신한,580,695,1254,1707,1314,-3.6,-182,393,-0.33,-0.11,-3.6,0.3,0.34,-11.91
348,신흥,1230,499,445,1389,587,0.5,666,802,0.04,0.48,0.5,1.37,0.89,4.08
349,쌍방울,955,817,1479,3404,1743,-10.1,-35,1661,-0.19,-0.01,-10.1,0.95,0.28,-32.72
350,쌍용C&E,15385,7467,6821,33680,15667,3.9,5893,18013,0.02,0.17,3.9,1.15,0.46,14.28
351,쌍용차,36239,4975,9871,20192,16161,-16.2,-4253,4031,-0.24,-0.21,-16.2,0.25,1.79,-52.1
352,써니전자,256,152,70,615,76,1.1,-32,539,0.13,-0.05,1.1,7.09,0.42,8.39
353,씨아이테크,407,181,162,587,248,-8.8,-154,339,0.03,-0.26,-8.8,1.37,0.69,-27.86
354,씨에스윈드,7994,4267,3138,7356,3658,5.2,1958,3698,0.15,0.27,5.2,1.01,1.09,19.41
355,아남전자,2433,889,851,1465,888,0.3,160,577,0.03,0.11,0.3,0.65,1.66,3.23
356,아모레G,62843,29059,12259,82814,18012,3.6,26483,64802,0.2,0.32,3.6,3.6,0.76,15.49
357,아모레퍼시픽,55801,18031,10666,59890,14902,3.9,38738,44988,0.12,0.65,3.9,3.02,0.93,16.67
358,메타랩스,869,355,246,983,397,-24.7,-262,586,0.11,-0.27,-24.7,1.48,0.88,-79.99
359,아세아,15424,6715,3670,28844,14234,3.3,9512,14610,0.11,0.33,3.3,1.03,0.53,12.63
360,아세아시멘트,8368,3775,2340,19308,11250,1.5,2069,8058,0.07,0.11,1.5,0.72,0.43,6.05
361,아세아제지,6977,2689,1297,8482,2634,7.4,3046,5848,0.16,0.36,7.4,2.22,0.82,27.27
362,아시아나항공,68868,15608,45584,135034,125951,-7.5,-8806,9083,-0.22,-0.07,-7.5,0.07,0.51,-24.56
363,아이마켓코리아,29238,8691,6047,10969,6703,2.4,2580,4266,0.24,0.24,2.4,0.64,2.67,11.6
364,아이에스동서,7706,17017,8525,28838,16102,2.9,6757,12736,0.29,0.23,2.9,0.79,0.27,10.98
365,HDC랩스,2524,1421,676,2372,686,-2.2,1149,1686,0.31,0.48,-2.2,2.46,1.06,-3.68
367,알루코,4544,2751,4035,7726,4867,-0.9,900,2859,-0.17,0.12,-0.9,0.59,0.59,-2.06
368,폴루스바이오팜,95,113,884,1509,916,-8.4,-534,593,-0.51,-0.35,-8.4,0.65,0.06,-28.37
369,애경케미칼,10170,2981,1212,4928,1328,6.1,2377,3600,0.36,0.48,6.1,2.71,2.06,24.92
370,에넥스,3636,834,656,1320,779,-2.6,66,541,0.13,0.05,-2.6,0.69,2.75,-5.19
371,에스엘,22622,13992,7294,22736,8949,4.4,9120,13787,0.29,0.4,4.4,1.54,0.99,17.34
372,에스원,21515,7332,3841,17950,4674,8.4,12676,13276,0.19,0.71,8.4,2.84,1.2,31.84
373,에쓰씨엔지니어링,2401,1564,1461,3739,2186,-1.2,-418,1553,0.03,-0.11,-1.2,0.71,0.64,-3.01
374,에이블씨엔씨,4222,2004,967,4337,1769,-2.4,1259,2568,0.24,0.29,-2.4,1.45,0.97,-5.39
375,에이프로젠제약,509,2135,108,3653,176,-1.2,-418,3477,0.55,-0.11,-1.2,19.76,0.14,8.54
376,엔씨소프트,17012,20879,4498,33464,8342,11.4,23821,25122,0.49,0.71,11.4,3.01,0.51,41.52
377,엔에스쇼핑,4980,1128,1523,9208,4943,-0.9,4256,4265,-0.04,0.46,-0.9,0.86,0.54,-1.32
378,엔케이,737,490,508,1469,544,-15.1,-487,925,-0.01,-0.33,-15.1,1.7,0.5,-48.78
379,플레이그램,88,266,8,427,14,-7.5,-397,413,0.6,-0.93,-7.5,29.5,0.21,-7.42
380,영보화학,1312,763,336,1808,341,2.7,1312,1467,0.24,0.73,2.7,4.3,0.73,13.53
381,영원무역,23883,15009,6229,31045,11356,6.1,11303,19689,0.28,0.36,6.1,1.73,0.77,22.78
382,영원무역홀딩스,27380,18634,6712,37894,12137,6.5,9388,25757,0.31,0.25,6.5,2.12,0.72,24.16
383,영풍,30841,14648,6685,48327,11342,4.3,32300,36985,0.16,0.67,4.3,3.26,0.64,17.92
384,영풍제지,997,541,170,1395,198,6.7,926,1197,0.27,0.66,6.7,6.05,0.71,27.7
385,영흥,1975,1449,979,3109,1445,0.4,1123,1664,0.15,0.36,0.4,1.15,0.64,3.33
386,예스코홀딩스,11082,6924,4500,15443,9353,1.5,5270,6090,0.16,0.34,1.5,0.65,0.72,6.73
387,오뚜기,23597,6698,5248,21521,8056,4.7,13312,13465,0.07,0.62,4.7,1.67,1.1,18.56
388,오리엔트바이오,372,237,135,759,234,-16.0,-75,525,0.13,-0.1,-16.0,2.24,0.49,-50.95
390,오리온홀딩스,21036,7608,4954,43663,10287,3.6,2914,33376,0.06,0.07,3.6,3.24,0.48,14.47
391,웰바이오텍,523,724,328,1198,442,-14.3,-780,756,0.33,-0.65,-14.3,1.71,0.44,-46.24
392,용평리조트,1294,1088,2233,8499,4542,-1.7,1369,3957,-0.13,0.16,-1.7,0.87,0.15,-4.87
393,팜젠사이언스,951,506,303,1000,438,0.2,107,562,0.2,0.11,0.2,1.28,0.95,2.77
394,우리들휴브레인,562,456,332,698,339,-7.3,-371,359,0.18,-0.53,-7.3,1.06,0.81,-23.17
395,우성,3408,2012,1466,3359,1627,3.8,1633,1732,0.16,0.49,3.8,1.06,1.01,15.06
396,우신시스템,2890,1698,1670,3167,1983,1.7,942,1184,0.01,0.3,1.7,0.6,0.91,7.31
397,우진,889,756,311,1999,671,-6.8,224,1328,0.22,0.11,-6.8,1.98,0.44,-20.39
398,우진플라임,1818,1091,1651,2678,2152,-4.9,330,526,-0.21,0.12,-4.9,0.24,0.68,-15.43
399,웅진,8199,25758,25576,29016,26366,-13.0,-852,2650,0.01,-0.03,-13.0,0.1,0.28,-42.59
400,웅진씽크빅,6522,22362,19632,24536,19818,-9.7,936,4718,0.11,0.04,-9.7,0.24,0.27,-31.41
401,원림,791,776,301,1631,468,2.8,674,1163,0.29,0.41,2.8,2.49,0.48,12.14
402,윌비스,2696,1658,1605,2810,1792,-12.5,-339,1018,0.02,-0.12,-12.5,0.57,0.96,-40.09
403,유니드,8752,4308,2371,10763,3675,6.2,7115,7088,0.18,0.66,6.2,1.93,0.81,23.57
404,유니온,2101,1294,1306,3252,1824,-4.0,810,1428,-0.0,0.25,-4.0,0.78,0.65,-11.73
405,유니온머티리얼,1068,800,542,1749,888,1.4,351,861,0.15,0.2,1.4,0.97,0.61,6.27
406,유니켐,1088,885,596,1697,810,11.2,257,887,0.17,0.15,11.2,1.1,0.64,38.67
407,유니퀘스트,3353,1913,1275,3497,1353,6.7,1850,2144,0.18,0.53,6.7,1.58,0.96,24.98
408,유성기업,2596,2115,440,3964,905,4.9,2498,3059,0.42,0.63,4.9,3.38,0.65,20.23
409,유수홀딩스,3661,4444,1687,5220,1934,-0.5,337,3286,0.53,0.06,-0.5,1.7,0.7,0.79
411,와이투솔루션,1083,613,805,1948,922,-11.1,-406,1026,-0.1,-0.21,-11.1,1.11,0.56,-35.82
412,유엔젤,266,290,89,462,108,-10.6,186,354,0.44,0.4,-10.6,3.28,0.58,-31.34
413,유유제약,909,651,425,1377,472,4.1,427,905,0.16,0.31,4.1,1.92,0.66,15.97
415,유한양행,14804,11170,3522,21172,4672,1.7,15454,16500,0.36,0.73,1.7,3.53,0.7,9.88
416,율촌화학,5066,2084,1299,6065,2645,3.0,3177,3420,0.13,0.52,3.0,1.29,0.84,12.4
417,이건산업,2797,998,1542,4226,2441,0.2,1172,1785,-0.13,0.28,0.2,0.73,0.66,1.99
418,이노션,12743,15713,10630,20755,12945,5.0,6551,7810,0.24,0.32,5.0,0.6,0.61,18.21
419,이마트,190629,36499,54063,210948,108880,1.2,27943,102068,-0.08,0.13,1.2,0.94,0.9,5.51
420,이수페타시스,5142,2247,3026,4167,3407,-19.8,168,760,-0.19,0.04,-19.8,0.22,1.23,-64.15
421,이수화학,15137,5574,4771,10604,6843,-2.2,316,3761,0.08,0.03,-2.2,0.55,1.43,-5.36
422,이아이디,1410,1224,647,2053,673,0.3,-94,1380,0.28,-0.05,0.3,2.05,0.69,3.18
423,이엔플러스,404,442,380,1173,714,-32.9,-565,459,0.05,-0.48,-32.9,0.64,0.34,-108.46
424,이연제약,1316,1303,330,2735,522,1.7,2030,2213,0.36,0.74,1.7,4.24,0.48,10.1
425,이화산업,617,427,899,2827,1048,-1.7,479,1779,-0.17,0.17,-1.7,1.7,0.22,-4.34
426,인디에프,2025,835,672,1494,867,-2.3,-30,627,0.11,-0.02,-2.3,0.72,1.36,-5.7
427,인스코비,758,206,128,509,250,-44.7,-730,259,0.15,-1.43,-44.7,1.04,1.49,-147.22
428,인지컨트롤스,4942,1722,2302,5079,3204,-1.6,1763,1875,-0.11,0.35,-1.6,0.59,0.97,-3.6
429,인천도시가스,5735,1705,928,3653,1803,3.0,1420,1850,0.21,0.39,3.0,1.03,1.57,12.88
430,인터지스,4782,1549,1477,4200,2398,-9.9,391,1802,0.02,0.09,-9.9,0.75,1.14,-30.93
431,인팩,3608,1279,1536,2943,1844,-1.7,909,1099,-0.09,0.31,-1.7,0.6,1.23,-3.7
432,일동제약,5175,2334,2118,6127,3598,-2.3,-49,2529,0.04,-0.01,-2.3,0.7,0.84,-6.3
433,일동홀딩스,2922,2633,3244,8097,4859,-6.9,73,3238,-0.08,0.01,-6.9,0.67,0.36,-22.09
434,일성건설,3758,2382,2158,3509,2598,0.6,135,911,0.06,0.04,0.6,0.35,1.07,3.39
435,일신방직,4962,3838,1315,9536,2304,0.8,6867,7232,0.26,0.72,0.8,3.14,0.52,6.36
436,일양약품,3246,1714,1803,4375,2147,4.5,210,2228,-0.02,0.05,4.5,1.04,0.74,16.26
437,일정실업,398,315,230,605,310,-21.1,180,295,0.14,0.3,-21.1,0.95,0.66,-67.81
438,일진다이아,1644,1758,479,2498,648,6.4,961,1850,0.51,0.38,6.4,2.85,0.66,24.63
439,일진디스플,957,306,673,1262,759,-21.4,442,503,-0.29,0.35,-21.4,0.66,0.76,-69.32
440,일진머티리얼즈,5502,5927,1010,10369,2215,5.4,1638,8154,0.47,0.16,5.4,3.68,0.53,21.35
441,일진전기,6683,3041,2731,7809,4771,0.5,1302,3038,0.04,0.17,0.5,0.64,0.86,3.18
442,일진홀딩스,8962,5303,3925,11886,6721,1.9,1377,5165,0.12,0.12,1.9,0.77,0.75,7.79
443,잇츠한불,2026,3911,574,5394,637,1.4,1310,4757,0.62,0.24,1.4,7.47,0.38,10.56
444,자화전자,3630,1796,672,3485,699,-0.1,2479,2786,0.32,0.71,-0.1,3.99,1.04,4.48
445,전방,1375,407,2057,3866,2553,-10.7,-425,1313,-0.43,-0.11,-10.7,0.51,0.36,-35.31
446,제이에스코퍼레이션,2531,1157,376,2016,447,4.2,843,1569,0.39,0.42,4.2,3.51,1.26,18.28
447,제이준코스메틱,526,549,682,1239,706,-52.7,-466,533,-0.11,-0.38,-52.7,0.75,0.42,-173.7
448,제일기획,34217,17699,10982,22528,12960,6.3,11958,9568,0.3,0.53,6.3,0.74,1.52,23.85
450,제일연마,811,542,142,1025,185,6.3,849,840,0.39,0.83,6.3,4.54,0.79,25.93
451,제일파마홀딩스,7318,3136,3138,8453,3634,-10.8,1646,4819,-0.0,0.19,-10.8,1.33,0.87,-33.71
452,제주항공,13840,4557,5567,14675,11424,-2.7,1058,3251,-0.07,0.07,-2.7,0.28,0.94,-7.79
453,조광페인트,2034,984,941,3125,1398,-0.8,1621,1727,0.01,0.52,-0.8,1.24,0.65,-0.51
454,조선내화,7572,3658,2804,10691,3657,3.1,5180,7034,0.08,0.48,3.1,1.92,0.71,12.86
455,종근당,10793,4711,2771,8014,3264,7.0,1890,4750,0.24,0.24,7.0,1.46,1.35,25.95
456,종근당바이오,1372,800,450,2333,749,5.9,1200,1584,0.15,0.51,5.9,2.11,0.59,22.22
457,종근당홀딩스,7206,3358,2395,10747,3347,8.2,2812,7400,0.09,0.26,8.2,2.21,0.67,29.53
458,주연테크,419,398,114,618,190,-7.8,-191,428,0.46,-0.31,-7.8,2.25,0.68,-23.59
459,지엠비코리아,4775,2149,1730,4869,2532,0.4,2052,2337,0.09,0.42,0.4,0.92,0.98,3.55
460,지역난방공사,23679,5905,9150,58926,43632,-0.4,13610,15294,-0.06,0.23,-0.4,0.35,0.4,-0.46
461,지코,783,181,383,738,545,-16.3,-242,193,-0.27,-0.33,-16.3,0.35,1.06,-53.31
462,지투알,5421,4623,3538,5037,3608,2.7,799,1429,0.22,0.16,2.7,0.4,1.08,10.72
463,진도,779,889,434,1451,450,-1.8,235,1001,0.31,0.16,-1.8,2.22,0.54,-3.47
464,진양산업,618,239,106,545,135,13.0,306,410,0.24,0.56,13.0,3.04,1.13,46.92
465,진양폴리,351,83,73,434,168,19.3,192,266,0.02,0.44,19.3,1.58,0.81,66.09
466,진양홀딩스,2253,1298,932,5139,1413,4.5,1627,3726,0.07,0.32,4.5,2.64,0.44,17.41
467,진원생명과학,412,366,227,512,271,-15.2,-623,241,0.27,-1.22,-15.2,0.89,0.8,-50.21
468,참엔지니어링,1125,1677,850,7154,6363,-2.2,-378,791,0.12,-0.05,-2.2,0.12,0.16,-6.95
469,센트럴인사이트,412,176,345,511,440,-26.6,-396,71,-0.33,-0.77,-26.6,0.16,0.81,-88.35
470,체시스,502,180,358,819,591,-4.9,-63,228,-0.22,-0.08,-4.9,0.39,0.61,-15.7
471,카카오,30701,28297,21338,87373,29971,-4.1,1482,57402,0.08,0.02,-4.1,1.92,0.35,-11.9
472,케이씨,5119,3304,1027,6805,1732,9.1,4280,5073,0.33,0.63,9.1,2.93,0.75,33.82
474,엘브이엠씨홀딩스,3637,3277,2803,6788,3529,-8.4,1470,3259,0.07,0.22,-8.4,0.92,0.54,-26.24
475,코리아써키트,5434,2257,614,4797,884,0.4,2294,3913,0.34,0.48,0.4,4.43,1.13,6.19
476,코스맥스,13307,6183,7164,12044,8879,1.6,1615,3165,-0.08,0.13,1.6,0.36,1.1,6.68
477,코스맥스비티아이,4684,2353,4375,8927,5367,-1.6,994,3560,-0.23,0.11,-1.6,0.66,0.52,-4.49
478,코스모화학,4068,1518,1795,5170,2858,-2.9,-498,2312,-0.05,-0.1,-2.9,0.81,0.79,-8.49
479,코아스,1129,358,466,773,520,2.7,21,253,-0.14,0.03,2.7,0.49,1.46,10.54
480,코오롱,42844,13203,20913,36186,28967,-0.6,1869,7219,-0.21,0.05,-0.6,0.25,1.18,-0.83
481,코오롱글로벌,34841,9939,12858,22054,17504,1.6,2130,4550,-0.13,0.1,1.6,0.26,1.58,7.0
482,코오롱인더,44072,20791,22450,52931,31668,0.4,10131,21263,-0.03,0.19,0.4,0.67,0.83,2.78
483,코오롱플라스틱,3303,1185,931,3387,1411,1.6,758,1976,0.07,0.22,1.6,1.4,0.98,7.49
484,코웨이,30189,7669,15868,28550,17778,12.7,9540,10772,-0.29,0.33,12.7,0.61,1.06,43.45
485,콤텍시스템,2388,1189,626,1615,666,0.8,279,949,0.35,0.17,0.8,1.42,1.48,5.63
486,쿠쿠홀딩스,5283,2670,948,8126,1389,10.2,11210,6737,0.21,1.38,10.2,4.85,0.65,39.4
487,크라운해태홀딩스,9045,2440,4389,12382,7783,-1.8,2201,4599,-0.16,0.18,-1.8,0.59,0.73,-4.8
489,아센디오,302,464,637,568,663,-71.3,-1215,-95,-0.3,-2.14,-71.3,-0.14,0.53,-238.2
490,태경산업,5196,2341,1618,5614,2182,4.6,1789,3432,0.13,0.32,4.6,1.57,0.93,17.66
491,태경케미컬,418,511,98,1356,171,7.6,773,1185,0.3,0.57,7.6,6.93,0.31,30.71
492,태광산업,22607,19458,5626,43571,8733,3.8,31435,34838,0.32,0.72,3.8,3.99,0.52,16.85
493,태림포장,5729,1260,2141,5663,2454,3.7,2234,3209,-0.16,0.39,3.7,1.31,1.01,14.36
494,태양금속,4709,1804,2446,3899,3218,-5.9,343,681,-0.16,0.09,-5.9,0.21,1.21,-18.2
495,태영건설,29671,35284,26382,59161,43447,1.8,10068,15714,0.15,0.17,1.8,0.36,0.5,7.07
496,태평양물산,9716,3122,3665,6133,4290,1.9,672,1843,-0.09,0.11,1.9,0.43,1.58,8.15
497,테이팩스,1126,471,178,1450,443,5.0,208,1007,0.2,0.14,5.0,2.27,0.78,19.08
498,텔코웨어,418,705,146,1274,163,3.4,1015,1111,0.44,0.8,3.4,6.82,0.33,17.29
499,토니모리,1720,1208,904,2409,1423,-2.6,442,986,0.13,0.18,-2.6,0.69,0.71,-7.05
500,티에이치엔,4022,1382,1478,2654,2024,7.2,217,630,-0.04,0.08,7.2,0.31,1.52,25.53
501,티웨이홀딩스,8173,2737,2626,8710,6252,-7.0,-432,2458,0.01,-0.05,-7.0,0.39,0.94,-21.98
502,팜스코,11650,4433,6321,9792,6793,-0.9,2153,2999,-0.19,0.22,-0.9,0.44,1.19,-1.44
503,팬오션,24679,6795,7091,44542,15546,3.5,2360,28996,-0.01,0.05,3.5,1.87,0.55,13.28
504,페이퍼코리아,2656,3729,3354,6279,6148,-4.6,-1762,131,0.06,-0.28,-4.6,0.02,0.42,-15.07
505,평화산업,3533,1039,1369,1942,1607,-3.9,-549,335,-0.17,-0.28,-3.9,0.21,1.82,-11.52
506,평화홀딩스,5811,2047,3485,5029,3789,-4.4,333,1240,-0.29,0.07,-4.4,0.33,1.16,-13.41
507,포스코스틸리온,9167,3078,2519,5034,2823,0.5,1337,2211,0.11,0.27,0.5,0.78,1.82,4.45
508,포스코인터내셔널,244226,50323,35612,89594,59114,2.2,18575,30480,0.16,0.21,2.2,0.52,2.73,10.79
509,풀무원,23815,4678,6212,14846,10215,-0.6,2247,4631,-0.1,0.15,-0.6,0.45,1.6,-0.02
510,풍산,24513,12452,7633,25625,11787,0.7,7326,13838,0.19,0.29,0.7,1.17,0.96,4.61
511,풍산홀딩스,2644,2417,1680,9386,2163,2.7,4351,7223,0.08,0.46,2.7,3.34,0.28,11.93
512,KH 필룩스,1351,1284,1398,4168,1444,-3.2,196,2724,-0.03,0.05,-3.2,1.89,0.32,-9.07
513,하나투어,6146,4082,4075,10076,7897,-1.4,969,2179,0.0,0.1,-1.4,0.28,0.61,-3.7
515,하이스틸,2143,832,592,2343,1067,0.0,698,1276,0.1,0.3,0.0,1.2,0.91,2.17
516,하이트진로,20351,7823,13589,32709,22377,-1.3,2389,10332,-0.18,0.07,-1.3,0.46,0.62,-3.51
517,하이트진로홀딩스,20263,8051,16587,38367,28541,-1.0,5268,9826,-0.22,0.14,-1.0,0.34,0.53,-2.63
518,한국가스공사,249826,92328,89005,393119,311653,0.2,53977,81466,0.01,0.14,0.2,0.26,0.64,1.66
519,한국공항,5038,2037,497,4647,1417,3.7,2591,3230,0.33,0.56,3.7,2.28,1.08,15.84
520,한국내화,2224,702,539,2093,688,2.1,940,1405,0.08,0.45,2.1,2.04,1.06,9.94
521,한국단자,7721,3994,1225,8856,1754,3.7,6817,7102,0.31,0.77,3.7,4.05,0.87,16.96
522,한국석유,4854,1416,875,2928,1541,-2.6,1340,1387,0.18,0.46,-2.6,0.9,1.66,-5.52
523,한국전력,591729,194830,242317,1975978,1287081,-1.2,492021,688897,-0.02,0.25,-1.2,0.54,0.3,-3.01
524,한국전자홀딩스,2170,1610,1004,3899,1476,-6.1,-90,2423,0.16,-0.02,-6.1,1.64,0.56,-18.42
525,한국제지,7234,3856,2439,7582,2717,-4.3,4119,4865,0.19,0.54,-4.3,1.79,0.95,-11.18
526,한국주철관,4372,1746,686,3567,786,4.0,1651,2781,0.3,0.46,4.0,3.54,1.23,17.56
527,한국카본,2734,2213,667,3976,849,4.7,2275,3127,0.39,0.57,4.7,3.68,0.69,19.67
528,한국콜마,13789,6460,7074,24003,15524,1.5,2323,8479,-0.03,0.1,1.5,0.55,0.57,5.95
529,한국콜마홀딩스,4995,3071,3494,10919,4913,7.2,2062,6006,-0.04,0.19,7.2,1.22,0.46,25.17
530,한국타이어앤테크놀로지,68833,41137,21311,101646,29774,4.3,43437,71872,0.2,0.43,4.3,2.41,0.68,17.16
531,한국앤컴퍼니,8476,5244,1351,36071,2285,4.6,20086,33786,0.11,0.56,4.6,14.79,0.23,25.2
532,한국프랜지,9540,3703,3600,6523,4241,1.7,1639,2282,0.02,0.25,1.7,0.54,1.46,7.77
533,한국항공우주,31102,26548,22029,43671,31840,4.1,5483,11831,0.1,0.13,4.1,0.37,0.71,14.76
534,한국화장품,1312,476,378,813,461,-19.5,94,352,0.12,0.12,-19.5,0.76,1.61,-61.97
535,한독,4730,3096,2679,7487,4047,4.8,2604,3440,0.06,0.35,4.8,0.85,0.63,17.54
536,한라,13049,6871,9861,15882,13271,0.2,-1298,2611,-0.19,-0.08,0.2,0.2,0.82,1.26
537,한라홀딩스,7984,3223,4945,17604,8743,2.4,6430,8861,-0.1,0.37,2.4,1.01,0.45,9.37
538,한미글로벌,2947,1332,482,2036,795,11.3,833,1241,0.42,0.41,11.3,1.56,1.45,40.75
539,한미반도체,1204,1295,318,2575,378,7.7,2089,2197,0.38,0.81,7.7,5.81,0.47,30.96
540,한미사이언스,8166,2171,2282,9108,2651,3.4,3559,6457,-0.01,0.39,3.4,2.44,0.9,14.12
541,한미약품,11137,6622,4718,19137,10914,3.5,3238,8223,0.1,0.17,3.5,0.75,0.58,12.94
542,한샘,16984,4787,4073,12026,5893,4.0,6945,6133,0.06,0.58,4.0,1.04,1.41,16.12
543,한섬,12598,7198,2180,13236,2781,6.6,9488,10455,0.38,0.72,6.6,3.76,0.95,26.45
544,한세실업,16150,7397,6410,11795,7245,-1.5,3501,4550,0.08,0.3,-1.5,0.63,1.37,-2.69
545,한세엠케이,3075,1362,761,1847,841,-22.4,801,1006,0.33,0.43,-22.4,1.2,1.66,-70.54
546,한세예스24홀딩스,27367,9943,9469,17314,11355,0.2,2537,5959,0.03,0.15,0.2,0.52,1.58,2.8
547,한솔PNS,2339,876,598,1034,624,3.2,165,410,0.27,0.16,3.2,0.66,2.26,13.76
548,한솔로지스틱스,4607,991,907,1668,1197,4.0,847,471,0.05,0.51,4.0,0.39,2.76,16.97
549,한솔제지,16791,5890,7216,17433,11312,2.3,1213,6121,-0.08,0.07,2.3,0.54,0.96,8.88
550,한솔케미칼,5443,3067,1943,9392,4186,10.5,3718,5206,0.12,0.4,10.5,1.24,0.58,36.68
551,한솔테크닉스,9722,2113,1986,4953,2335,1.3,409,2618,0.03,0.08,1.3,1.12,1.96,7.07
552,한솔홀딩스,3463,2104,1784,6664,2103,2.6,886,4561,0.05,0.13,2.6,2.17,0.52,10.64
553,한솔홈데코,2639,754,915,2958,1416,-1.5,412,1542,-0.05,0.14,-1.5,1.09,0.89,-3.27
554,한신공영,16233,9174,7324,16510,11372,4.2,3830,5138,0.11,0.23,4.2,0.45,0.98,15.56
555,한신기계,528,622,106,940,130,1.8,568,810,0.55,0.6,1.8,6.23,0.56,11.74
556,한온시스템,71542,29224,20915,70824,47449,5.2,23182,23375,0.12,0.33,5.2,0.49,1.01,19.07
557,한올바이오파마,1085,1343,274,1914,510,10.8,-31,1404,0.56,-0.02,10.8,2.75,0.57,38.5
558,한익스프레스,5774,958,1194,2758,2039,2.1,636,719,-0.09,0.23,2.1,0.35,2.09,9.44
559,한일홀딩스,16518,11161,7443,33000,15576,1.5,19376,17424,0.11,0.59,1.5,1.12,0.5,7.08
560,한일철강,1730,797,980,3194,1703,-3.5,1305,1491,-0.06,0.41,-3.5,0.88,0.54,-9.98
561,한전KPS,12470,7834,2490,13594,2960,11.6,10551,10634,0.39,0.78,11.6,3.59,0.92,42.91
562,한전기술,4486,2576,2235,7352,2430,3.5,4952,4922,0.05,0.67,3.5,2.03,0.61,14.38
563,한전산업,2896,950,496,1667,814,10.7,686,853,0.27,0.41,10.7,1.05,1.74,38.58
564,한진,20623,4176,5162,35484,24945,-0.1,5731,10539,-0.03,0.16,-0.1,0.42,0.58,0.69
565,HJ중공업,16288,13005,18452,24702,22252,11.8,-12935,2450,-0.22,-0.52,11.8,0.11,0.66,38.67
566,한진중공업홀딩스,8776,3535,6253,18607,15002,1.6,-4734,3605,-0.15,-0.25,1.6,0.24,0.47,5.36
567,한진칼,12035,6667,5994,26937,12730,-9.4,-5776,14207,0.02,-0.21,-9.4,1.12,0.45,-30.17
568,한창,601,467,372,918,651,-1.8,-27,267,0.1,-0.03,-1.8,0.41,0.65,-4.97
569,한화,504124,152427,160027,1822862,1640222,0.1,36007,182640,-0.0,0.02,0.1,0.11,0.28,0.7
570,한화솔루션,94574,53227,58310,156811,98753,-1.6,41759,58058,-0.03,0.27,-1.6,0.59,0.6,-3.98
571,한화에어로스페이스,52641,45636,33290,87084,58531,2.0,14759,28553,0.14,0.17,2.0,0.49,0.6,7.9
573,해성디에스,3814,1275,885,3266,1180,5.8,1017,2086,0.12,0.31,5.8,1.77,1.17,21.95
574,해태제과식품,5393,1499,3087,7569,5127,-4.5,1558,2442,-0.21,0.21,-4.5,0.48,0.71,-13.81
575,핸즈코퍼레이션,6177,3444,3226,8511,5268,0.9,2210,3243,0.03,0.26,0.9,0.62,0.73,4.47
576,HDC현대EP,8351,3586,2171,5473,2638,2.3,2589,2835,0.26,0.47,2.3,1.07,1.53,10.73
577,현대건설,172788,131720,67709,182270,95120,3.2,53252,87150,0.35,0.29,3.2,0.92,0.95,12.89
579,현대그린푸드,31243,11197,5272,29666,8502,2.2,11519,21164,0.2,0.39,2.2,2.49,1.05,10.59
580,현대글로비스,182701,50543,34135,101297,54595,5.3,44925,46702,0.16,0.44,5.3,0.86,1.8,20.61
582,현대로템,24593,27092,22920,40843,32014,-8.8,-1566,8829,0.1,-0.04,-8.8,0.28,0.6,-28.21
583,현대리바트,12376,3977,2481,7528,2949,2.7,3390,4579,0.2,0.45,2.7,1.55,1.64,12.35
584,현대모비스,380488,215046,89623,466061,141964,5.1,316568,324097,0.27,0.68,5.1,2.28,0.82,20.29
585,현대미포조선,29941,17448,10016,33806,10267,1.8,18436,23539,0.22,0.55,1.8,2.29,0.89,9.24
586,현대백화점,21990,13653,14434,76231,26438,3.3,36484,49793,-0.01,0.48,3.3,1.88,0.29,12.97
587,현대비앤지스틸,7333,3652,921,6086,2057,3.6,3264,4029,0.45,0.54,3.6,1.96,1.2,15.55
588,HDC,16167,10724,9344,42090,18577,7.2,33921,23513,0.03,0.81,7.2,1.27,0.38,26.07
589,현대코퍼레이션,42634,8516,6754,14446,11028,1.3,4335,3418,0.12,0.3,1.3,0.31,2.95,7.99
590,HMM,55131,14272,16837,71602,60699,-10.5,-44771,10903,-0.04,-0.63,-10.5,0.18,0.77,-34.7
591,현대퓨처넷,2929,4125,641,8135,720,4.7,3948,7415,0.43,0.49,4.7,10.3,0.36,23.25
592,현대엘리베이,18725,9860,9346,25477,15996,1.8,2529,9481,0.02,0.1,1.8,0.59,0.73,7.19
593,현대위아,73146,35691,18614,67743,36825,0.8,25495,30918,0.25,0.38,0.8,0.84,1.08,5.05
595,현대제철,205126,95787,64203,343663,171326,0.1,114883,172337,0.09,0.33,0.1,1.01,0.6,2.11
596,한국조선해양,151826,125460,89419,250554,121291,0.9,161806,129263,0.14,0.65,0.9,1.07,0.61,5.3
597,현대차,1057464,459047,533141,1945122,1181465,1.7,682496,763657,-0.04,0.35,1.7,0.65,0.54,6.98
599,현대코퍼레이션홀딩스,1839,1111,403,2414,619,4.5,964,1795,0.29,0.4,4.5,2.9,0.76,18.26
600,현대홈쇼핑,20604,9341,5378,25038,7748,3.3,14652,17290,0.16,0.59,3.3,2.23,0.82,14.07
601,형지엘리트,1479,937,424,1143,538,-1.0,37,605,0.45,0.03,-1.0,1.12,1.29,-0.76
602,혜인,2609,1298,1164,2183,1228,1.9,1012,955,0.06,0.46,1.9,0.78,1.2,8.65
603,호전실업,3098,1810,1198,2923,1678,1.0,971,1245,0.21,0.33,1.0,0.74,1.06,5.52
604,호텔신라,57173,17161,14381,35273,26077,5.8,6270,9196,0.08,0.18,5.8,0.35,1.62,21.32
605,화성산업,4514,4583,1759,6126,2416,1.2,2707,3710,0.46,0.44,1.2,1.54,0.74,6.79
606,화승코퍼레이션,15520,6118,8386,12116,9493,1.9,1976,2623,-0.19,0.16,1.9,0.28,1.28,7.71
607,화승엔터프라이즈,12016,4846,5196,9789,6114,7.5,1504,3675,-0.04,0.15,7.5,0.6,1.23,26.5
608,화승인더,14259,6366,6845,12707,8173,7.2,2476,4534,-0.04,0.19,7.2,0.55,1.12,25.43
609,화신,11643,3702,3831,8084,5087,0.8,2936,2997,-0.02,0.36,0.8,0.59,1.44,4.91
610,화천기공,2065,1682,459,3749,783,2.0,2020,2966,0.33,0.54,2.0,3.79,0.55,10.58
611,환인제약,1592,2050,247,3049,304,6.3,2541,2745,0.59,0.83,6.3,9.03,0.52,28.6
612,황금에스티,2436,1795,585,3902,1073,5.9,2283,2829,0.31,0.59,5.9,2.64,0.62,22.87
613,효성,31756,13120,22384,65271,38168,2.3,63366,27103,-0.14,0.97,2.3,0.71,0.49,9.7
614,효성ITX,3882,599,815,1593,1076,7.7,266,517,-0.14,0.17,7.7,0.48,2.44,28.21
615,후성,2489,1311,921,5289,2860,0.0,1080,2429,0.07,0.2,0.0,0.85,0.47,1.34
616,휠라홀딩스,34504,15868,8674,37702,19693,9.6,10800,18009,0.19,0.29,9.6,0.91,0.92,33.78
617,휴비스,10293,2885,3422,8772,4810,0.0,1996,3962,-0.06,0.23,0.0,0.82,1.17,1.91
618,휴스틸,5370,2650,1462,5791,1825,-2.1,2193,3966,0.21,0.38,-2.1,2.17,0.93,-3.91
619,TKG휴켐스,6598,4268,1680,9139,2422,7.9,4779,6717,0.28,0.52,7.9,2.77,0.72,29.52
620,흥아해운,1022,938,2023,4310,4000,-8.3,-455,310,-0.25,-0.11,-8.3,0.08,0.24,-27.56
