종목_list,2018_총부채,2019_총부채,2020_총부채,2021_총부채
AJ네트웍스,"20,833","14,559","13,002","9,925"
SK렌터카,"9,262","13,004","17,641","23,766"
AK홀딩스,"19,240","28,980","28,894","33,464"
BGF,"1,091","1,291","1,211","2,489"
BGF리테일,"9,609","15,498","16,743","17,871"
BNK금융지주,"903,686","953,576","1,045,306","1,180,639"
BYC,"3,310","2,596","2,265","2,026"
CJ,"192,077","257,663","246,287","254,925"
CJ CGV,"16,839","39,229","40,670","34,842"
CJ대한통운,"47,378","54,548","56,036","49,776"
CJ씨푸드,647,630,695,663
CJ제일제당,"121,888","167,992","154,455","160,490"
LG헬로비전,"8,843","8,394","8,416","8,357"
CS홀딩스,297,281,282,415
DB,"1,508","1,522","1,588","1,642"
DB금융투자, , , , 
DB손해보험,"456,363","496,340","535,595","580,191"
DB하이텍,"5,081","4,442","3,840","4,439"
DGB금융지주,"598,579","669,968","742,147","795,787"
DRB동일,"2,680","2,838","3,128","3,564"
DSR,776,851,900,"1,246"
DSR제강,693,598,600,879
E1,"22,495","23,917","24,880","26,259"
F&F홀딩스,"1,010","2,007","2,661","5,980"
GKL,"2,037","3,243","2,221","1,478"
GS,"121,060","137,183","137,203","169,883"
GS건설,"84,086","90,282","94,586","103,110"
GS글로벌,"9,329","8,253","6,578","11,002"
GS리테일,"26,405","44,826","45,106","50,416"
IHQ,267,290,277,"1,204"
JB금융지주,"433,215","437,098","493,466","520,690"
JW생명과학,916,788,819,880
JW중외제약,"3,337","3,431","3,416","4,445"
JW홀딩스,"8,746","8,918","7,892","7,610"
KB금융,"4,438,753","4,794,188","5,673,176","6,156,019"
KCC,"32,241","49,290","71,016","75,028"
KCTC,"1,864","2,270","2,322","3,033"
KC그린홀딩스,"3,841","5,218","5,461","6,466"
KC코트렐,"1,417","2,558","2,696","3,351"
KEC,"1,258","1,203","1,996","1,214"
컨버즈,640,306,246,234
KG케미칼,"9,044","28,000","28,159","30,974"
KISCO홀딩스,"2,661","2,298","2,298","2,674"
그린케미칼,818,783,636,883
KPX케미칼,916,556,"1,034","1,991"
KPX홀딩스,"2,907","2,677","3,619","4,454"
KR모터스,850,"1,089","1,060","1,182"
KSS해운,"6,532","6,762","8,007","11,034"
KT,"174,576","193,566","181,111","205,922"
KT&G,"20,297","20,129","23,768","24,284"
다올투자증권, , , , 
KTcs,"1,886","2,140","2,152","2,342"
LF,"4,684","10,256","10,650","10,428"
LG,"46,714","34,136","34,210","37,296"
LG디스플레이,"182,895","230,863","223,346","233,920"
LX인터내셔널,"34,885","33,274","36,376","43,626"
LG생활건강,"16,819","22,566","19,522","20,574"
LG유플러스,"70,866","105,914","106,990","114,120"
LG이노텍,"36,378","35,662","36,109","44,271"
LG전자,"280,215","284,347","306,621","333,834"
LX하우시스,"15,930","16,496","15,482","16,840"
LG화학,"116,220","166,406","225,985","279,253"
LIG넥스원,"16,720","16,835","19,231","18,135"
LS,"61,307","64,922","72,120","79,157"
LS네트웍스,"6,355","6,543","7,352","7,557"
LS ELECTRIC,"11,084","11,755","11,269","13,233"
LS전선아시아,"2,060","1,984","2,677","3,229"
MH에탄올,"3,486","3,721","3,693","3,668"
NAVER,"39,321","57,956","87,591","96,636"
NHN,"6,746","6,716","7,068","9,286"
NH투자증권, , , , 
NICE,"11,330","13,412","14,808","17,633"
NI스틸,"1,376","1,478","1,659","1,992"
NPC,"1,318","1,196","1,152","1,768"
OCI,"21,670","21,255","20,515","25,803"
POSCO홀딩스,"314,887","312,640","314,124","366,667"
SNT에너지,497,889,996,873
SNT모티브,"3,717","3,029","3,322","2,922"
SNT중공업,"2,382","2,243","2,359","2,267"
SNT홀딩스,"6,106","6,107","6,530","5,922"
S-Oil,"94,858","98,368","100,080","117,052"
SBS,"3,892","6,006","5,980","7,406"
SBS미디어홀딩스,"1,055",736,"1,937",571
SG세계물산,"1,375",828,710,641
SG글로벌,726,740,724,640
SH에너지화학,170,244,273,279
SIMPAC,"2,467","2,380","2,733","3,566"
SJM,336,454,513,555
SJM홀딩스,456,561,604,661
SK,"685,691","804,354","858,080","998,157"
SKC,"21,383","22,466","34,913","38,978"
SK가스,"21,128","24,216","26,002","30,042"
SK네트웍스,"54,572","78,335","65,282","70,219"
SK디앤디,"11,423","10,355","11,810","13,442"
SK이노베이션,"166,791","213,213","230,397","299,242"
SK증권, , , , 
SK디스커버리,"24,870","26,769","30,053","38,126"
SK텔레콤,"200,199","223,854","235,107","185,761"
SK하이닉스,"168,060","173,125","192,648","341,954"
SPC삼립,"4,383","8,736","8,789","8,880"
STX,"4,900","5,038","5,432","5,536"
STX엔진,"6,429","5,909","5,428","5,535"
STX중공업,"4,008","3,175","2,934","2,764"
TBH글로벌,828,679,613,623
TCC스틸,"1,925","1,974","1,856","2,118"
WISCOM,106,166,139,151
YG PLUS,313,449,468,774
가온전선,"2,661","2,558","2,789","3,909"
강남제비스코,"1,083","1,111","1,297","2,421"
강원랜드,"6,445","7,204","3,946","5,745"
갤럭시아에스엠,65,64,78,79
경농,"1,558","1,690","1,602","1,520"
경동나비엔,"3,035","3,088","3,865","4,835"
경동도시가스,"4,578","4,104","3,430","5,291"
경동인베스트,"1,922","1,909","1,585","1,379"
경방,"5,930","6,292","5,230","5,187"
경보제약,726,887,972,913
경인양행,"1,892","2,346","2,767","3,276"
경인전자,28,24,38,63
계룡건설,"12,864","15,019","14,643","15,727"
계양전기,852,954,"1,085","1,018"
고려개발,"5,845","4,568","4,444","4,092"
고려산업,"1,212","1,107","1,139","1,318"
고려아연,"8,514","10,022","14,126","22,298"
고려제강,"9,304","8,758","7,828","8,362"
상상인증권, , , , 
광동제약,"3,012","3,453","3,285","3,566"
광명전기,531,513,561,548
광전자,377,379,421,283
광주신세계,755,912,862,"1,065"
광주은행,3,0,1, 
교보증권, , , , 
국도화학,"3,548","3,709","3,783","6,014"
국동,750,688,969,661
국보,348,868,600,705
국제약품,575,736,751,712
극동유화,"1,202","1,206","1,199","1,399"
금강공업,"4,986","4,881","4,259","4,820"
금비,966,"1,765","1,760","1,803"
금양,"1,253","1,559","1,401","1,974"
금호건설,"8,259","9,609","9,870","10,832"
금호석유,"22,686","19,085","18,780","30,328"
금호에이치티,"1,135","1,494","1,212","1,080"
금호전기,"1,356",562,635,655
금호타이어,"28,797","26,368","26,786","30,606"
기신정기,121,144,155,142
기아,"245,431","263,667","305,988","319,374"
기업은행,"2,684,153","2,953,344","3,364,738","3,705,381"
까뮤이앤씨,827,979,835,962
깨끗한나라,"4,247","3,758","3,462","3,692"
에이프로젠 MED,"1,996","1,296","1,443","1,197"
남광토건,998,"1,497","1,377","1,862"
남선알미늄,"1,343","1,164","1,056","1,193"
남성,"1,223","1,189","1,265","1,702"
남양유업,"1,638","1,441","1,279","1,244"
비비안,365,320,988,949
남해화학,"1,232","1,472","1,365","2,475"
넥센,"19,423","20,577","21,979","24,555"
넥센타이어,"18,141","18,781","19,941","22,235"
넷마블,"8,815","11,577","25,728","46,561"
노루페인트,"2,996","3,050","3,328","3,257"
노루홀딩스,"4,256","4,399","4,731","4,720"
녹십자,"5,972","7,752","8,821","9,624"
녹십자홀딩스,"11,755","12,673","15,677","15,861"
농심,"6,345","7,123","6,766","6,991"
농심홀딩스,"2,989","2,944","2,746","2,897"
다우기술,"169,051","220,774","353,771","417,060"
키다리스튜디오,21,210,210,674
큐로,"1,277","1,192",903,678
대교,"2,135","3,066","2,863","2,972"
대구백화점,"3,903","3,874","2,463","2,326"
대덕GDS,526,471,736,714
대덕,"1,530","1,621","2,925","3,511"
대동,"5,552","6,085","6,104","8,747"
대동전자,331,320,410,346
대림B&Co,"1,416","1,498","1,685","1,692"
DL,"67,835","67,085","106,905","37,927"
삼일씨엔에스,624,584,490,748
대림통상,925,878,832,897
대상,"12,703","13,749","14,268","16,233"
대상홀딩스,"15,348","16,870","17,342","21,350"
대성산업,"6,414","6,451","6,157","11,915"
대성에너지,"3,519","3,907","3,877","4,251"
대성홀딩스,"5,847","5,960","5,995","6,471"
대신증권, , , , 
대양금속,606,238,405,580
대영포장,784,617,541,788
대우건설,"64,161","72,094","66,289","72,416"
대우부품,315,405,571,594
대우조선해양,"80,783","75,212","64,518","84,056"
대웅,"6,279","6,548","7,206","7,767"
대웅제약,"6,000","6,097","6,717","7,128"
대원강업,"5,150","4,607","4,458","4,060"
대원전선,"1,101","1,092","1,066","1,529"
대원제약,922,"1,233","1,224","2,112"
대원화성,516,511,538,648
대유에이텍,"7,192","8,813","9,272","11,313"
대유플러스,"8,631","9,282","3,522","4,555"
대창,"3,536","3,611","3,989","5,366"
대창단조,477,481,500,713
대한방직,907,717,775,931
대한유화,"2,828","2,479","2,334","4,497"
대한전선,"8,510","9,224","8,398","10,331"
대한제강,"2,222","1,732","3,965","5,122"
대한제당,"6,835","6,788","6,677","6,711"
대한제분,"1,707","2,453","3,041","4,410"
대한항공,"226,799","242,333","218,783","198,062"
대한해운,"21,534","24,457","24,923","23,416"
대한화섬,850,760,"1,151","1,658"
대현,733,645,494,591
대호에이엘,594,546,738,760
더존비즈온,965,"3,640","4,061","3,986"
덕성,377,399,388,403
덕양산업,"4,490","4,470","4,573","4,598"
덴티움,"2,421","3,406","2,816","2,791"
도레이케미칼,670,"1,003","1,111","1,150"
도화엔지니어링,"1,272","1,564","1,948","2,333"
케이비아이동국실업,"3,909","3,833","3,964","3,979"
동국제강,"36,980","34,939","32,823","35,517"
동남합성,291,206,323,443
동방,"4,239","5,128","4,101","3,998"
동방아그로,527,569,542,574
동부건설,"3,519","4,713","4,944","7,023"
KG스틸,"24,996","14,658","12,850","16,209"
동북아12호,2,2,2,2
동북아13호,1,1,1,1
동서,"1,420","1,272","1,285","1,340"
동성제약,827,616,708,581
동성케미컬,"4,074","4,321","3,707","3,618"
동성화학,798,712,648,472
동아쏘시오홀딩스,"5,062","6,117","6,224","7,063"
다스코,857,914,"1,301","1,732"
동아에스티,"3,693","3,629","3,386","4,596"
동아지질,"1,100","1,284","1,433","1,464"
동아타이어,289,289,290,501
동양,"1,434","1,983","2,172","2,232"
동양고속,833,546,608,843
비케이탑스,"1,022",571,462,944
TYM,"4,773","4,815","4,861","4,582"
동양생명,"296,291","313,467","331,831","340,594"
동양철관,846,844,659,"1,019"
동양피스톤,"2,221","2,421","2,505","2,494"
넥스트사이언스,876,483,571,505
동원F&B,"7,711","8,923","9,370","11,369"
동원금속,"4,434","4,414","4,369","3,947"
동원산업,"16,186","19,076","18,109","15,650"
동원수산,506,478,500,439
동원시스템즈,"5,875","5,808","6,394","8,266"
동일고무벨트,978,879,759,"1,048"
DI동일,"4,350","3,930","3,659","4,196"
동일산업,548,510,570,717
동일제강,193,165,188,270
동화약품,732,766,911,877
두산,"217,352","223,502","224,354","175,128"
두산건설,"19,654","18,802","20,314","16,635"
두산밥캣,"27,067","27,252","28,868","42,596"
HSD엔진,"5,124","6,416","5,292","5,865"
현대두산인프라코어,"72,084","70,710","75,379","34,125"
두산중공업,"185,965","186,073","184,607","149,130"
두올,"1,827","1,873","2,223","2,268"
디씨엠,250,323,389,513
디아이,664,725,905,953
디아이씨,"6,238","5,937","5,340","4,963"
디와이,"2,967","2,802","3,284","3,618"
디와이파워,"1,084",956,988,"1,161"
디티알오토모티브,"3,072","2,856","3,071","7,710"
스틱인베스트먼트,460,644,690,"1,098"
락앤락,788,"1,159","1,179","1,358"
롯데관광개발,"2,258","2,693","9,724","12,497"
롯데손해보험,"136,517","153,014","154,016","179,092"
롯데쇼핑,"138,319","221,816","217,406","216,295"
롯데정밀화학,"3,221","2,996","2,249","5,248"
롯데제과,"12,848","14,154","13,631","13,397"
롯데지주,"191,849","78,132","88,489","102,926"
롯데칠성,"20,739","20,285","21,612","21,518"
롯데케미칼,"72,548","59,900","56,742","74,188"
롯데푸드,"5,258","6,136","5,253","4,855"
롯데하이마트,"10,552","11,857","14,232","11,162"
마니커,899,952,"1,202","1,492"
만도,"29,555","30,100","32,288","36,601"
만호제강,183,169,247,294
맥쿼리인프라, , , , 
쎌마테라퓨틱스,159,128,318,297
메리츠금융지주,"467,506","558,022","626,871","751,476"
메리츠증권, , , , 
메리츠화재,"181,956","207,751","226,762","252,938"
명문제약,"1,500","1,842","1,523","1,368"
모나리자,130,120,201,187
모나미,961,"1,096","1,059",980
모두투어리츠,385,650,644,648
모토닉,295,330,278,292
무림P&P,"7,216","7,298","8,290","8,647"
무림페이퍼,"13,467","14,706","15,501","16,379"
무학,"1,125","1,097",740,"1,481"
문배철강,417,839,686,668
미래산업,211,85,317,331
미래아이앤지,24,27,29,286
미래에셋증권, , , , 
미래에셋생명,"325,755","356,790","383,439","400,951"
미원상사,479,561,614,764
미원에스씨,563,625,660,"1,116"
미원홀딩스,899,"1,176","1,330","1,911"
미원화학,80,169,124,139
미창석유,331,374,347,456
바다로19호,20,15,15,28
방림,470,449,573,562
백광산업,"1,438","1,615","1,455","1,697"
태경비케이,"1,009",985,871,975
백산,"1,566","1,884","1,687","1,831"
범양건영,682,685,765,"1,123"
베트남개발1, , , , 
벽산,"1,789","1,712","1,727","2,151"
보락,96,117,101,108
보령제약,"1,939","2,247","3,077","3,543"
보해양조,"1,311",867,705,689
부광약품,802,620,"1,298","1,174"
부국증권, , , , 
부국철강,115,97,189,303
부산가스,"3,548","3,670","4,009","2,816"
부산산업,622,583,476,563
부산주공,"2,492","2,520","2,231","2,165"
비상교육,474,718,673,716
빙그레,"1,089","1,138","1,746","2,024"
사조대림,"4,046","6,470","6,725","6,208"
사조동아원,"2,910","2,699","2,387","2,370"
사조산업,"6,662","6,524","5,842","5,481"
사조씨푸드,"1,606","1,438","1,008","1,069"
사조오양,"1,526","1,436","1,340","1,192"
사조해표,"2,356","2,315","2,447","2,528"
SGC에너지,"4,417","3,833","19,976","18,521"
삼부토건,"2,228","2,201","3,077","3,129"
삼성SDI,"71,245","71,918","81,753","106,365"
삼성공조,463,397,356,378
삼성물산,"198,577","192,134","213,863","218,930"
삼성바이오로직스,"18,249","15,572","18,254","29,789"
삼성생명,"2,589,222","2,754,459","2,929,587","3,017,572"
삼성에스디에스,"18,653","22,961","22,958","30,737"
삼성엔지니어링,"36,218","32,705","31,738","40,982"
삼성전기,"36,984","32,442","33,151","30,702"
삼성전자,"916,041","896,841","1,022,877","1,217,212"
삼성제약,290,257,568,182
삼성중공업,"75,366","83,512","92,039","80,413"
삼성증권, , , , 
삼성출판사,748,"1,202","1,187","1,153"
삼성카드,14,5,4,3
삼성화재,"670,251","708,507","763,138","794,417"
삼아알미늄,911,996,971,"1,052"
삼양사,"9,079","10,937","12,235","13,761"
삼양식품,"1,777","1,827","2,089","3,574"
삼양통상,347,429,465,526
삼양패키징,"2,805","2,776","2,568","2,912"
삼양홀딩스,"13,119","15,600","17,378","20,352"
삼영무역,520,"1,171","1,119","1,146"
삼영전자,276,183,230,319
삼영화학,589,627,632,671
삼원강재,491,395,452,520
삼익THK,"1,687","2,043","1,976","1,808"
삼익악기,"3,829","3,887","3,995","3,314"
삼일제약,919,"1,216","1,281","1,607"
삼정펄프,215,217,218,233
삼진제약,547,467,556,983
삼천리,"23,311","25,194","24,691","27,852"
DL건설,"4,285","3,939","6,965","7,117"
삼호개발,928,"1,080","1,014",761
삼화왕관,329,936,"1,019",997
삼화전기,692,639,693,718
삼화전자,450,442,412,493
삼화콘덴서,927,609,601,664
삼화페인트,"2,762","2,785","3,020","3,162"
상신브레이크,"2,558","2,754","2,698","3,052"
새론오토모티브,447,426,302,300
샘표,879,822,901,"1,293"
샘표식품,738,688,765,"1,126"
서연,"17,460","14,104","13,244","12,316"
서연이화,"10,296","11,989","11,718","10,928"
서울가스,"4,211","6,156","6,552","6,238"
서울식품,499,510,464,463
서원,"1,148","1,143","1,204","1,574"
서흥,"3,309","3,799","3,890","3,801"
선도전기,653,805,823,868
선진,"5,860","6,520","7,357","7,798"
SUN&L,"3,702","3,268","3,251","3,979"
성문전자,139,151,138,236
성보화학,297,258,225,364
성신양회,"6,745","6,291","6,828","7,076"
성안,"2,108","2,321","2,453","1,054"
성지건설,297,359,249,236
성창기업지주,"1,593","1,779","1,745","1,645"
세기상사,193,191,199,278
세방,"1,731","2,897","3,112","3,481"
세방전지,"2,855","4,560","3,782","4,724"
세아베스틸,"17,239","15,938","15,667","16,196"
세아제강지주,"10,928","10,962","9,848","13,123"
세아특수강,"1,749","2,458","2,376","3,108"
세아홀딩스,"24,466","24,243","23,579","26,750"
세우글로벌,107,57,41,44
세원이앤씨,"1,617","1,821","1,546","1,225"
세원정공,"1,077",948,708,678
세이브존I&C,"1,410","1,313","1,073","1,063"
세종공업,"5,096","6,148","7,706","7,772"
세진중공업,"2,099","2,463","2,870","3,672"
세하,"1,519","1,499","1,018",974
다이나믹디자인,"1,440","1,395",868,742
송원산업,"4,613","4,597","4,276","5,724"
수산중공업,"1,060",828,"1,328","1,140"
한국수출포장,669,603,565,685
스카이라이프,"1,498","1,428","1,750","4,697"
신대양제지,"2,403","1,948","2,096","2,192"
신도리코,787,769,677,739
신라교역,712,"1,018","1,111","1,279"
신성이엔지,"2,991","2,944","2,320","2,686"
신성통상,"4,631","6,276","6,335","7,115"
신세계,"60,991","75,034","77,119","78,821"
신세계 I&C,"1,135",905,723,778
신세계건설,"5,614","5,802","5,632","6,029"
신세계인터내셔날,"4,376","5,296","5,062","4,395"
신세계푸드,"3,081","4,182","6,039","5,947"
신송홀딩스,802,"1,092",773,"1,529"
신영와코루,320,339,563,658
신영증권, , , , 
신원,"2,293","2,019","2,202","2,921"
신일전자,356,306,353,395
신풍제약,"1,735","1,710","1,128",380
신풍제지,"1,151","1,167",73,45
신한,"1,028","1,314",867,891
신한지주,"4,229,491","5,104,892","5,588,772","5,986,138"
SHD,305,311,296,304
신흥,454,587,543,372
쌍방울,"1,761","1,743","1,351","1,673"
쌍용C&E,"14,497","15,667","16,371","19,093"
쌍용차,"15,124","16,161","18,568","19,436"
써니전자,125,76,16,90
씨아이테크,187,248,424,317
씨에스윈드,"2,879","3,658","4,371","8,271"
아남전자,839,888,"1,336","1,936"
아모레G,"11,449","18,012","15,167","15,625"
아모레퍼시픽,"9,247","14,902","12,375","13,724"
메타랩스,339,397,236,286
아세아,"14,564","14,234","13,599","13,991"
아세아시멘트,"11,428","11,250","10,778","11,177"
아세아제지,"2,789","2,634","2,488","2,552"
아시아나항공,"70,979","125,951","127,621","125,616"
아이마켓코리아,"6,367","6,703","6,939","7,034"
아이에스동서,"10,749","16,102","22,315","20,529"
오렌지라이프,"265,213","277,868","289,717","294,230"
HDC랩스,824,686,541,"1,456"
우리금융캐피탈, , , , 
인바이오젠,10,249,190,965
알루코,"4,636","4,867","4,395","4,875"
알보젠코리아,"1,247","1,345","1,330",600
폴루스바이오팜,"1,256",916,846,847
애경케미칼,"1,565","1,328","1,409","5,558"
에넥스,960,779,677,665
에스엘,"7,076","8,949","9,138","10,490"
에스원,"4,205","4,674","5,225","5,301"
에쓰씨엔지니어링,"2,218","2,186",489,719
에이리츠,602,602,64,583
에이블씨엔씨,693,"1,769",980,850
에이엔피,746,753,632,521
에이프로젠제약,666,176,170,174
엔씨소프트,"5,623","8,342","9,365","14,307"
엔에스쇼핑,"3,728","4,943","7,319","7,548"
엔케이,846,544,507,280
플레이그램,26,14,69,778
영보화학,326,341,272,247
영원무역,"9,758","11,356","10,443","11,134"
영원무역홀딩스,"10,820","12,137","11,154","11,705"
영진약품,845,847,737,892
영풍,"12,142","11,342","12,887","16,187"
영풍제지,278,198,756,776
영화금속,"1,388","1,312","1,239","1,507"
영흥,"1,266","1,445","1,911","3,210"
예스코홀딩스,"8,647","9,353","10,428","8,894"
오뚜기,"7,878","8,056","8,974","10,674"
오리엔트바이오,214,234,230,293
오리온,"9,068","7,848","7,679","8,279"
오리온홀딩스,"11,655","10,287","10,028","10,909"
웰바이오텍,348,442,514,"1,035"
용평리조트,"3,986","4,542","5,341","4,552"
팜젠사이언스,413,438,520,934
우리들휴브레인,429,339,622,569
우리은행,"25,808","30,100","31,501","20,072"
우리종금, , , , 
우성,"1,230","1,627","1,361","1,724"
우신시스템,"1,867","1,983","2,243","2,204"
우진,800,671,738,702
우진플라임,"2,210","2,152","2,068","1,942"
웅진,"5,342","26,366","8,979","8,455"
웅진씽크빅,"3,343","19,818","2,914","3,981"
웅진에너지,"2,280","1,955","2,283","2,323"
원림,374,468,439,348
윌비스,"1,728","1,792","1,857","1,834"
유나이티드제약,735,761,765,793
유니드,"4,564","3,675","3,388","3,546"
유니온,"1,593","1,824","1,784","1,825"
유니온머티리얼,657,888,"1,013","1,028"
유니켐,557,810,"1,822","2,079"
유니퀘스트,"1,325","1,353","1,433","1,818"
유성기업,852,905,"1,162","1,049"
유수홀딩스,"2,095","1,934","1,099",937
유안타증권, , , , 
와이투솔루션,867,922,813,309
유엔젤,102,108,131,95
유유제약,484,472,379,643
유진투자증권, , , , 
유한양행,"5,221","4,672","5,470","5,279"
유화증권, , , , 
율촌화학,"2,780","2,645","2,657","3,207"
이건산업,"2,537","2,441","2,107","2,295"
이구산업,"1,559","1,621","1,694","2,012"
이노션,"9,991","12,945","12,600","13,668"
이마트,"78,964","108,880","118,438","188,418"
이수페타시스,"3,279","3,407","3,243","3,242"
이수화학,"5,332","6,843","6,832","7,771"
이스타코,459,300,219,318
이아이디,61,673,786,"2,616"
이엔플러스,528,714,351,304
이연제약,778,522,875,"2,327"
이월드,996,948,852,"1,943"
이화산업,"1,046","1,048","1,089",413
인디에프,718,867,975,873
인스코비,266,250,331,435
인지컨트롤스,"2,576","3,204","3,242","3,468"
인천도시가스,"1,677","1,803","1,485","1,692"
인터지스,"2,468","2,398","1,968","1,817"
인팩,"1,666","1,844","2,053","2,329"
일동제약,"2,878","3,598","3,507","5,484"
일동홀딩스,"1,005","4,859","5,054","7,374"
일성건설,"2,187","2,598","2,082","2,699"
일성신약,229,240,237,255
일신방직,"2,141","2,304","2,346","2,497"
일신석재,291,353,418,396
일양약품,"2,224","2,147","1,942","2,225"
일정실업,254,310,212,228
일진다이아,566,648,592,"1,067"
일진디스플,773,759,855,"1,067"
일진머티리얼즈,"1,638","2,215","2,274","4,043"
일진전기,"4,783","4,771","4,815","5,149"
일진홀딩스,"6,691","6,721","6,390","7,268"
잇츠한불,608,637,398,362
자화전자,752,699,835,"1,392"
전방,"2,390","2,553","2,331","2,393"
제이에스코퍼레이션,342,447,"3,537","3,504"
제이준코스메틱,883,706,281,197
제일기획,"12,793","12,960","12,269","14,148"
제일약품,"2,180","2,315","2,372","2,591"
제일연마,222,185,128,136
제일파마홀딩스,"3,305","3,634","3,881","3,921"
제주은행,"55,079","56,952","60,224","64,283"
제주항공,"6,492","11,424","9,518","10,827"
조광페인트,"1,296","1,398","1,476","1,725"
조광피혁,133,208,283,639
조비,458,437,367,505
조선내화,"3,369","3,657","5,136","5,607"
조선선재,124,106,90,131
조일알미늄,"1,693","1,758","1,630","1,811"
조흥,698,886,"1,151","1,218"
종근당,"2,806","3,264","3,947","4,809"
종근당바이오,369,749,"1,147","1,370"
종근당홀딩스,"2,007","3,347","4,182","5,277"
주연테크,160,190,199,144
지엠비코리아,"2,441","2,532","2,604","2,738"
지역난방공사,"40,978","43,632","42,694","46,942"
지코,369,545,541,155
지투알,"5,024","3,608","3,850","4,037"
진도,560,450,314,358
진양산업,153,135,273,304
진양폴리,160,168,179,186
진양홀딩스,"1,371","1,413","1,593","1,760"
진양화학,112,108,107,83
진에어,"2,533","5,127","4,586","4,288"
진원생명과학,199,271,381,440
진흥기업,"2,874","2,284","1,641","1,637"
참엔지니어링,"6,853","6,363","6,638","6,135"
천일고속,185,290,291,268
센트럴인사이트,482,440,116,103
체시스,619,591,479,462
카카오,"23,324","29,971","45,262","91,896"
카프로,"1,634","1,799","1,883","2,693"
케이씨,"1,581","1,732","2,144","2,172"
케이씨텍,566,491,595,679
케이탑리츠,"1,383","1,423","1,508","1,614"
KTis,690,"1,436","1,269","1,776"
엘브이엠씨홀딩스,"2,940","3,529","2,890","2,523"
코리아써키트,"1,127",884,"3,554","4,126"
코리아오토글라스,"2,056","2,193","1,370","1,286"
코리안리,"85,132","92,771","100,640","105,899"
코스맥스,"8,197","8,879","9,171","9,465"
코스맥스비티아이,"5,200","5,367","5,493","6,128"
코스모신소재,"1,491","1,137","1,855","1,430"
코스모화학,"3,305","2,858","4,185","3,785"
코아스,551,520,492,603
코오롱,"26,447","28,967","28,491","29,149"
코오롱글로벌,"15,867","17,504","19,836","19,624"
코오롱머티리얼,"1,545",544,506,513
코오롱인더,"33,643","31,668","27,516","30,507"
코오롱플라스틱,"1,436","1,411","1,197","1,485"
코웨이,"12,912","17,778","15,390","18,962"
콤텍시스템,366,666,861,"1,816"
쿠쿠홀딩스,"1,376","1,389","1,642","1,842"
크라운제과,"2,046","1,909","1,744","1,640"
크라운해태홀딩스,"7,928","7,783","6,062","6,264"
키움증권, , , , 
아센디오,719,663,74,229
태경산업,"2,324","2,182","1,957","1,992"
태경케미컬,152,171,165,198
태광산업,"9,977","8,733","6,776","9,515"
태림포장,"2,692","2,454","2,424","2,573"
태양금속,"2,985","3,218","3,428","3,553"
태영건설,"34,763","43,447","31,515","30,256"
태원물산,61,60,67,61
태평양물산,"4,055","4,290","4,987","6,001"
테이팩스,671,443,482,495
텔코웨어,151,163,131,128
토니모리,987,"1,423","1,270","1,068"
트러스제7호,594,595,595,606
티에이치엔,"1,721","2,024","2,128","2,522"
티웨이홀딩스,"2,126","6,252","6,284","7,160"
시디즈,469,350,470,234
파미셀,116,117,126,305
팜스코,"5,733","6,793","6,822","7,937"
팬오션,"14,591","15,546","18,527","28,919"
퍼스텍,"1,212","1,548","1,359","1,422"
퍼시스,636,379,380,780
페이퍼코리아,"5,606","6,148","4,808","4,518"
평화산업,"1,562","1,607","1,776","1,941"
평화홀딩스,"3,562","3,789","4,031","4,170"
포스코스틸리온,"2,355","2,823","2,581","2,640"
포스코인터내셔널,"69,915","59,114","51,672","72,586"
풀무원,"7,713","10,215","11,806","13,796"
풍산,"12,888","11,787","11,056","14,626"
풍산홀딩스,"1,659","2,163","2,474","1,557"
KH 필룩스,"1,441","1,444","1,131","1,121"
하나금융지주,"3,579,002","3,924,823","4,293,468","4,669,459"
하나니켈1호, , , , 
하나니켈2호, , , , 
하나투어,"4,762","7,897","5,779","3,728"
하이골드12호,46,70,44,41
하이골드3호,49,82,75,62
하이골드8호,75,69,99,125
하이스틸,"1,046","1,067","1,136","1,219"
하이트론,303,385,470,267
하이트진로,"22,658","22,377","22,235","25,379"
하이트진로홀딩스,"28,935","28,541","28,446","31,489"
한국가스공사,"311,917","311,653","281,746","345,506"
한국공항,"1,053","1,417","1,528",938
한국금융지주,"591,057","557,333","648,054","746,085"
한국내화,751,688,586,"1,041"
한국단자,"1,696","1,754","2,210","2,830"
한국석유,"1,596","1,541","1,725","1,882"
한국쉘석유,450,432,505,562
한국유리,708,697,698,905
한국자산신탁, , , , 
한국전력,"1,141,563","1,287,081","1,324,753","1,457,970"
한국전자홀딩스,"1,267","1,476","2,047","1,537"
한국제지,"2,508","2,717","3,635","3,718"
한국종합기술,"1,263","1,845","1,946","1,971"
한국주강,152,163,164,221
한국주철관,831,786,731,762
한국철강,"1,918","1,483","1,719","1,865"
한국카본,564,849,978,"1,094"
한국콜마,"13,766","15,524","14,904","12,465"
한국콜마홀딩스,"3,863","4,913","4,309","3,551"
한국타이어앤테크놀로지,"30,061","29,774","32,464","34,988"
한국앤컴퍼니,"2,627","2,285","2,920","3,458"
한국토지신탁, , , , 
한국특강,"2,470","2,461","2,509","3,167"
한국프랜지,"4,202","4,241","4,310","4,368"
한국항공우주,"27,030","31,840","39,248","45,578"
한국화장품,422,461,459,265
한국화장품제조,215,362,334,336
한농화성,501,431,405,693
한독,"3,392","4,047","4,371","4,576"
한라,"15,281","13,271","12,794","11,048"
한라홀딩스,"8,589","8,743","10,746","12,805"
한미글로벌,"1,064",795,899,"1,411"
한미반도체,305,378,699,825
한미사이언스,"2,635","2,651","2,645","2,596"
한미약품,"9,020","10,914","10,501","10,085"
한샘,"3,657","5,893","6,006","6,247"
한섬,"2,820","2,781","3,125","3,167"
한성기업,"1,682","1,837","1,453","1,554"
한세실업,"6,781","7,245","5,997","7,518"
한세엠케이,571,841,718,821
한세예스24홀딩스,"10,606","11,355","10,942","12,919"
한솔PNS,528,624,635,597
한솔로지스틱스,705,"1,197","1,413","1,880"
한솔제지,"12,052","11,312","11,056","12,085"
한솔케미칼,"3,445","4,186","3,769","4,293"
한솔테크닉스,"3,112","2,335","3,123","5,104"
한솔홀딩스,"9,154","2,103","1,007","1,044"
한솔홈데코,"1,464","1,416","1,404","1,548"
한신공영,"13,324","11,372","11,135","14,422"
한신기계,109,130,129,151
한양증권, , , , 
한온시스템,"32,241","47,449","55,680","57,571"
한올바이오파마,454,510,389,350
한익스프레스,"1,326","2,039","2,331","3,013"
한일홀딩스,"15,294","15,576","14,967","13,337"
한일철강,"1,508","1,703","1,463","1,610"
한전KPS,"2,968","2,960","2,982","3,149"
한전기술,"3,101","2,430","2,012","1,921"
한전산업,731,814,804,781
한진,"15,943","24,945","25,507","25,037"
HJ중공업,"34,418","22,252","18,739","19,532"
한진중공업홀딩스,"15,066","15,002","14,806","14,892"
한진칼,"11,261","12,730","18,243","19,305"
한창,736,651,801,973
한창제지,776,860,864,"1,401"
한화,"1,525,955","1,640,222","1,734,606","1,813,191"
한화갤러리아타임월드,"2,381","2,484","2,319","2,251"
한화생명,"1,206,548","1,278,568","1,356,202","1,501,718"
한화손해보험,"153,183","167,928","178,117","188,254"
한화솔루션,"90,044","98,753","91,696","118,063"
한화에어로스페이스,"47,609","58,531","64,751","71,143"
한화투자증권, , , , 
해성디에스,"1,099","1,180","1,514","1,806"
해태제과식품,"5,074","5,127","3,575","3,951"
핸즈코퍼레이션,"3,847","5,268","5,294","6,329"
HDC현대EP,"3,181","2,638","2,322","2,752"
현대건설,"97,628","95,120","91,729","102,080"
현대건설기계,"15,583","16,109","17,683","20,065"
현대그린푸드,"7,263","8,502","8,783","8,995"
현대글로비스,"44,277","54,595","58,323","63,585"
HD현대,"127,937","138,308","154,611","239,282"
현대로템,"28,942","32,014","28,512","28,389"
현대리바트,"2,315","2,949","3,223","3,746"
현대모비스,"123,677","141,964","151,696","161,251"
현대미포조선,"11,466","10,267","12,315","16,740"
현대백화점,"21,595","26,438","36,747","37,436"
현대비앤지스틸,"2,236","2,057","2,200","2,710"
HDC,"13,037","18,577","52,719","58,467"
현대코퍼레이션,"7,922","11,028","9,046","13,446"
HMM,"30,818","60,699","76,848","75,178"
한일현대시멘트,"3,725","3,556","3,071","2,726"
현대약품,580,630,674,773
현대퓨처넷,664,720,"2,126","1,763"
현대엘리베이,"14,436","15,996","16,008","18,512"
현대위아,"40,705","36,825","41,940","40,542"
현대일렉트릭,"14,748","15,563","15,934","15,687"
현대제철,"162,818","171,326","181,520","187,819"
한국조선해양,"116,189","121,291","128,230","148,793"
현대차,"1,067,597","1,181,465","1,330,032","1,513,306"
현대차증권, , , , 
현대코퍼레이션홀딩스,205,619,400,488
현대해상,"399,608","418,834","443,894","478,100"
현대홈쇼핑,"8,782","7,748","8,983","7,180"
형지엘리트,574,538,702,617
혜인,"1,367","1,228","1,097",928
호전실업,"1,610","1,678","1,649","1,826"
호텔신라,"15,387","26,077","22,699","20,795"
화성산업,"2,661","2,416","1,860","3,910"
화승코퍼레이션,"9,933","9,493","9,632","9,578"
화승엔터프라이즈,"4,773","6,114","6,175","7,798"
화승인더,"6,371","8,173","8,062","10,024"
화신,"5,350","5,087","5,670","5,823"
화인베스틸,"1,274","1,187","1,015","1,037"
화천기계,378,337,263,301
화천기공,976,783,822,"1,171"
환인제약,281,304,330,360
황금에스티,"1,379","1,073","1,502",991
효성,"37,058","38,168","19,154","22,656"
효성ITX,736,"1,076","1,123","1,381"
후성,"1,960","2,860","2,949","3,329"
휠라홀딩스,"17,978","19,693","19,011","19,824"
휴니드,"1,187","1,451","1,280","1,342"
휴비스,"5,500","4,810","3,971","3,756"
휴스틸,"1,974","1,825","1,897","3,255"
TKG휴켐스,"1,987","2,422","1,794","2,297"
흥국화재,"112,568","119,366","124,874","130,716"
흥아해운,"7,306","4,000","3,131","1,444"
