종목_list,2018_총자산,2019_총자산,2020_총자산,2021_총자산
AJ네트웍스,"25,751","18,033","15,882","13,550"
SK렌터카,"11,732","16,452","22,271","28,602"
AK홀딩스,"33,979","43,280","41,521","45,487"
BGF,"16,249","16,574","16,582","19,816"
BGF리테일,"14,826","21,724","23,712","25,964"
BNK금융지주,"987,936","1,045,388","1,141,569","1,282,870"
BYC,"7,384","6,939","6,791","6,844"
CJ,"317,295","403,814","400,250","419,560"
CJ CGV,"22,342","45,240","43,549","37,855"
CJ대한통운,"78,686","91,100","96,435","89,939"
CJ씨푸드,"1,265","1,273","1,353","1,334"
CJ제일제당,"194,970","262,806","256,119","268,558"
LG헬로비전,"19,370","17,907","14,727","14,881"
CS홀딩스,"3,044","3,143","3,237","3,537"
DB,"2,884","3,632","4,725","6,020"
DB금융투자,"70,432","84,224","99,596","95,837"
DB손해보험,"509,291","557,791","600,544","647,516"
DB하이텍,"10,665","10,889","11,786","15,499"
DGB금융지주,"649,135","724,044","799,833","859,060"
DRB동일,"7,162","7,453","7,764","8,320"
DSR,"2,250","2,404","2,529","3,026"
DSR제강,"2,054","2,016","2,063","2,417"
E1,"35,654","35,950","37,314","39,993"
F&F홀딩스,"4,958","6,844","8,178","29,123"
GKL,"7,658","9,094","7,084","5,313"
GS,"226,310","247,341","244,768","311,913"
GS건설,"120,333","131,712","137,707","151,837"
GS글로벌,"13,360","12,052","9,568","14,427"
GS리테일,"50,989","70,497","71,778","94,560"
IHQ,"2,313","1,658","1,463","2,386"
JB금융지주,"467,798","475,296","533,755","563,956"
JW생명과학,"2,009","2,014","2,144","2,195"
JW중외제약,"5,938","5,732","5,491","6,331"
JW홀딩스,"12,756","12,343","11,136","10,658"
KB금융,"4,795,883","5,185,381","6,107,199","6,638,958"
KCC,"89,654","93,822","123,476","128,789"
KCTC,"3,760","4,243","4,414","5,323"
KC그린홀딩스,"6,708","8,161","7,761","9,066"
KC코트렐,"2,195","3,320","2,819","3,851"
KEC,"3,512","3,342","3,683","4,006"
컨버즈,649,271,321,330
KG케미칼,"15,086","41,515","43,235","48,849"
KISCO홀딩스,"15,452","15,573","15,646","16,881"
그린케미칼,"1,891","1,868","1,768","2,117"
KPX케미칼,"5,353","5,379","6,370","7,771"
KPX홀딩스,"14,166","14,490","16,987","18,149"
KR모터스,"1,549","1,441","1,559","1,684"
KSS해운,"9,045","9,572","10,695","14,462"
KT,"321,888","345,401","336,625","371,593"
KT&G,"101,979","107,524","114,684","116,373"
다올투자증권,"17,507","28,596","43,563","92,292"
KTcs,"3,503","3,781","3,849","4,168"
LF,"16,518","24,171","24,794","25,411"
LG,"228,359","224,346","242,823","256,698"
LG디스플레이,"331,757","355,746","350,660","381,545"
LX인터내셔널,"50,381","48,760","53,959","67,469"
LG생활건강,"52,759","64,937","68,014","75,552"
LG유플러스,"139,399","179,411","183,502","193,705"
LG이노텍,"57,561","57,708","60,386","77,414"
LG전자,"443,284","448,599","482,042","534,815"
LX하우시스,"25,097","25,656","23,854","25,474"
LG화학,"289,441","340,244","413,889","511,353"
LIG넥스원,"23,221","23,175","25,956","25,768"
LS,"104,903","107,635","116,605","126,259"
LS네트웍스,"12,736","11,736","12,284","13,094"
LS ELECTRIC,"24,058","25,381","25,404","27,967"
LS전선아시아,"3,496","3,597","4,166","4,953"
MH에탄올,"4,402","4,515","4,497","4,515"
NAVER,"98,812","122,995","170,142","336,910"
NHN,"24,947","25,003","25,509","30,272"
NH투자증권,"534,226","500,751","627,384","585,420"
NICE,"21,730","25,648","27,304","30,838"
NI스틸,"2,439","2,587","2,874","3,411"
NPC,"3,928","4,038","4,106","5,000"
OCI,"56,596","48,112","44,372","57,041"
POSCO홀딩스,"782,483","790,587","790,870","914,716"
SNT에너지,"2,810","3,339","3,354","3,321"
SNT모티브,"11,965","10,389","10,929","11,498"
SNT중공업,"8,457","8,414","8,334","8,796"
SNT홀딩스,"21,138","22,367","22,705","23,723"
S-Oil,"159,550","163,334","156,905","186,932"
SBS,"9,576","12,478","11,691","14,622"
SBS미디어홀딩스,"8,802","6,741","7,163","6,311"
SG세계물산,"3,344","2,877","2,672","3,084"
SG글로벌,"1,996","2,041","1,989","1,870"
SH에너지화학,"1,224","1,234","1,174","1,196"
SIMPAC,"6,818","6,791","7,373","9,032"
SJM,"2,001","2,204","2,249","2,450"
SJM홀딩스,"2,895","3,089","3,083","3,329"
SK,"1,194,570","1,326,114","1,376,679","1,653,809"
SKC,"38,331","39,730","54,064","61,801"
SK가스,"37,556","40,824","44,989","51,215"
SK네트웍스,"77,690","101,388","87,735","94,109"
SK디앤디,"14,901","13,969","17,124","19,834"
SK이노베이션,"358,534","395,345","384,981","495,574"
SK증권,"37,588","41,395","53,594","63,714"
SK디스커버리,"48,056","50,001","56,216","68,819"
SK텔레콤,"423,691","452,024","479,070","309,113"
SK하이닉스,"636,583","652,484","711,739","963,865"
SPC삼립,"7,523","11,963","11,819","12,230"
STX,"5,541","5,601","6,508","6,761"
STX엔진,"8,641","8,284","8,093","8,375"
STX중공업,"5,672","4,475","4,674","4,304"
TBH글로벌,"2,662","1,755","1,394","1,170"
TCC스틸,"3,048","3,142","3,068","3,670"
WISCOM,"1,278","1,351","1,307","1,353"
YG PLUS,"1,468","1,567","1,510","2,231"
가온전선,"5,265","5,126","5,425","6,590"
강남제비스코,"6,579","6,723","7,122","9,040"
강원랜드,"42,312","44,381","36,416","38,273"
갤럭시아에스엠,333,282,286,409
경농,"3,573","3,709","3,715","3,888"
경동나비엔,"5,836","6,098","7,347","9,339"
경동도시가스,"7,783","7,500","6,997","9,045"
경동인베스트,"6,001","6,055","5,893","5,777"
경방,"13,018","13,707","12,649","12,708"
경보제약,"2,216","2,378","2,532","2,370"
경인양행,"4,130","4,721","5,051","5,795"
경인전자,574,569,578,659
계룡건설,"17,262","20,046","20,703","23,271"
계양전기,"2,726","2,799","2,942","2,851"
고려개발,"6,627","5,930","6,134","5,864"
고려산업,"2,136","2,065","2,166","2,386"
고려아연,"72,259","78,406","84,996","99,640"
고려제강,"23,875","23,466","22,457","24,743"
상상인증권,"4,998","4,714","5,133","5,825"
광동제약,"7,321","7,928","8,306","8,838"
광명전기,"1,518","1,567","1,659","1,699"
광전자,"2,621","2,603","2,434","2,390"
광주신세계,"6,962","7,524","7,844","8,523"
광주은행,"197,763","226,195","234,191","234,036"
교보증권,"73,412","79,239","101,111","114,838"
국도화학,"8,544","9,054","9,306","14,164"
국동,"1,230","1,333","1,807","1,685"
국보,482,"1,154",908,"1,023"
국제약품,"1,262","1,346","1,456","1,398"
극동유화,"2,801","2,899","2,927","3,219"
금강공업,"8,528","8,340","7,792","8,687"
금비,"2,602","3,340","3,379","3,396"
금양,"2,048","2,242","2,199","3,148"
금호건설,"11,822","13,374","13,772","17,360"
금호석유,"46,167","45,380","50,273","81,157"
금호에이치티,"2,384","3,221","3,443","4,588"
금호전기,"1,703",731,678,839
금호타이어,"42,214","39,295","38,462","43,422"
기신정기,"2,458","2,517","2,596","2,624"
기아,"517,866","553,448","604,904","668,500"
기업은행,"2,895,094","3,181,110","3,616,162","3,980,719"
까뮤이앤씨,"1,422","1,689","1,662","1,951"
깨끗한나라,"5,994","5,383","5,631","5,987"
에이프로젠 MED,"3,952","6,472","8,343","8,241"
남광토건,"1,489","2,026","2,040","2,740"
남선알미늄,"3,030","2,955","2,952","3,552"
남성,"2,051","2,048","2,330","2,888"
남양유업,"10,527","10,564","10,011","9,374"
비비안,"1,411","1,333","1,890","1,982"
남해화학,"5,479","5,811","5,894","7,191"
넥센,"38,251","40,980","42,392","45,723"
넥센타이어,"32,423","34,361","35,411","38,234"
넷마블,"54,330","58,061","82,234","106,638"
노루페인트,"6,074","6,273","6,667","6,706"
노루홀딩스,"9,871","10,074","10,511","10,555"
녹십자,"17,234","19,593","21,514","24,621"
녹십자홀딩스,"26,286","27,739","32,412","34,968"
농심,"25,323","26,531","27,255","28,999"
농심홀딩스,"11,948","12,165","12,481","13,286"
다우기술,"193,457","247,416","386,222","463,224"
키다리스튜디오,187,420,482,"2,901"
큐로,"1,973","2,170","1,977","1,659"
대교,"8,303","9,199","8,452","8,136"
대구백화점,"7,002","6,736","5,087","4,866"
대덕GDS,"5,263","5,131","5,687","5,653"
대덕,"11,369","12,019","16,387","17,240"
대동,"7,727","8,274","9,387","12,606"
대동전자,"1,710","1,790","2,050","2,087"
대림B&Co,"3,017","3,092","3,263","3,266"
DL,"128,337","134,452","139,019","83,230"
삼일씨엔에스,"3,389","3,372","3,264","3,519"
대림통상,"1,993","1,795","1,597","1,658"
대상,"21,990","23,896","25,283","28,705"
대상홀딩스,"26,296","28,888","30,602","36,261"
대성산업,"10,928","10,324","11,017","16,524"
대성에너지,"6,539","6,972","7,021","7,425"
대성홀딩스,"11,173","11,358","11,811","12,440"
대신증권,"191,513","194,373","215,038","227,632"
대양금속,923,905,"1,163","1,575"
대영포장,"2,187","2,122","2,080","2,461"
대우건설,"87,338","96,977","93,059","104,580"
대우부품,708,775,920,944
대우조선해양,"119,185","112,761","103,208","106,232"
대웅,"15,922","16,709","18,375","19,337"
대웅제약,"12,078","12,457","13,669","14,152"
대원강업,"10,858","10,480","10,179","9,830"
대원전선,"1,915","1,896","1,920","2,406"
대원제약,"2,754","3,275","3,352","4,296"
대원화성,"1,248","1,305","1,298","1,358"
대유에이텍,"8,896","11,173","11,665","13,210"
대유플러스,"10,000","10,891","4,731","5,944"
대창,"5,694","5,761","6,203","8,107"
대창단조,"2,290","2,386","2,472","2,985"
대한방직,"2,675","1,977","2,138","2,326"
대한유화,"19,839","20,265","21,276","24,789"
대한전선,"11,729","12,351","11,995","14,209"
대한제강,"6,571","6,352","9,449","12,324"
대한제당,"11,354","11,431","11,462","11,823"
대한제분,"9,197","10,051","10,849","13,216"
대한항공,"258,425","270,141","251,901","266,719"
대한해운,"29,329","33,409","33,456","38,597"
대한화섬,"5,835","6,094","7,223","9,078"
대현,"2,590","2,637","2,529","2,801"
대호에이엘,887,809,"1,012","1,450"
더존비즈온,"2,787","7,270","8,041","9,003"
덕성,"1,006","1,029","1,050","1,253"
덕양산업,"5,263","5,096","5,130","5,236"
덴티움,"4,368","5,471","5,102","5,702"
도레이케미칼,"7,602","7,138","7,687","7,746"
도화엔지니어링,"3,759","4,090","4,517","5,002"
케이비아이동국실업,"5,703","5,597","5,661","5,680"
동국제강,"57,302","54,390","54,185","63,341"
동남합성,906,951,813,906
동방,"5,541","6,284","5,268","5,313"
동방아그로,"1,857","1,940","1,960","2,045"
동부건설,"7,138","8,919","9,542","12,620"
KG스틸,"25,061","23,553","22,577","27,711"
동북아12호,81,81,81,81
동북아13호,81,81,81,81
동서,"14,322","14,783","15,258","15,826"
동성제약,"1,402","1,317","1,257","1,046"
동성케미컬,"8,081","8,505","7,979","8,188"
동성화학,"1,902","1,841","1,886","1,881"
동아쏘시오홀딩스,"12,419","13,586","15,111","16,914"
다스코,"2,124","2,147","2,495","2,985"
동아에스티,"9,487","10,088","9,807","11,160"
동아지질,"2,848","3,223","3,348","3,508"
동아타이어,"3,690","3,858","3,958","4,206"
동양,"9,776","10,174","9,968","10,072"
동양고속,"1,959","1,868","1,679","1,688"
비케이탑스,"1,906",986,692,"1,131"
TYM,"5,815","6,286","6,569","7,074"
동양생명,"319,221","339,480","362,530","371,033"
동양철관,"1,636","1,642","1,534","1,860"
동양피스톤,"3,176","3,503","3,461","3,626"
넥스트사이언스,"1,600","1,294","1,308","1,639"
동원F&B,"14,036","15,735","16,839","19,357"
동원금속,"4,880","5,110","4,689","4,418"
동원산업,"25,922","29,860","31,060","30,519"
동원수산,954,987,982,"1,009"
동원시스템즈,"11,241","11,546","12,558","14,920"
동일고무벨트,"2,848","2,814","2,758","3,138"
DI동일,"9,476","8,884","8,826","9,931"
동일산업,"4,097","4,049","4,175","4,738"
동일제강,"1,502","1,470","1,486","1,805"
동화약품,"3,706","3,764","4,338","4,478"
두산,"288,803","291,697","302,010","260,099"
두산건설,"30,300","28,456","23,991","23,112"
두산밥캣,"64,463","67,042","69,606","85,809"
HSD엔진,"7,434","8,301","7,233","7,956"
현대두산인프라코어,"110,292","113,386","120,269","47,823"
두산중공업,"248,149","248,092","255,672","237,205"
두올,"3,466","3,643","4,057","4,241"
디씨엠,"1,879","2,070","2,279","2,869"
디아이,"2,105","2,148","2,289","2,491"
디아이씨,"8,103","7,798","6,046","6,289"
디와이,"7,425","7,545","7,956","8,600"
디와이파워,"2,585","2,626","2,878","3,420"
디티알오토모티브,"8,708","9,117","9,618","14,850"
스틱인베스트먼트,"1,937","2,209","2,495","3,420"
락앤락,"7,394","7,999","7,832","8,297"
롯데관광개발,"5,068","5,750","11,985","13,024"
롯데손해보험,"142,150","162,673","163,482","189,112"
롯데쇼핑,"262,593","339,726","328,294","334,265"
롯데정밀화학,"17,000","17,927","18,746","27,235"
롯데제과,"25,427","27,162","26,430","26,666"
롯데지주,"276,183","156,058","166,800","199,219"
롯데칠성,"33,113","32,565","34,661","35,968"
롯데케미칼,"207,991","200,431","193,865","228,700"
롯데푸드,"12,083","13,212","12,865","12,715"
롯데하이마트,"31,171","31,076","33,492","29,435"
마니커,"1,933","1,830","1,921","1,965"
만도,"44,373","45,956","49,383","57,044"
만호제강,"2,453","2,461","2,559","2,583"
맥쿼리인프라, , , , 
쎌마테라퓨틱스,195,154,334,287
메리츠금융지주,"522,052","617,641","695,644","820,309"
메리츠증권,"311,618","381,099","438,470","541,082"
메리츠화재,"204,788","232,157","253,593","276,890"
명문제약,"2,431","2,644","2,430","2,227"
모나리자,775,771,913,940
모나미,"1,706","2,007","1,957","2,025"
모두투어리츠,804,"1,088","1,080","1,098"
모토닉,"4,324","4,409","4,424","4,480"
무림P&P,"13,560","13,503","14,304","14,836"
무림페이퍼,"20,143","21,585","21,950","22,844"
무학,"6,190","6,246","5,988","6,466"
문배철강,"1,517","1,953","1,877","2,098"
미래산업,687,748,958,"1,177"
미래아이앤지,576,723,923,997
미래에셋증권,"1,180,855","1,331,498","1,309,469","1,086,418"
미래에셋생명,"346,405","380,155","406,290","419,973"
미원상사,"2,455","2,807","3,290","3,724"
미원에스씨,"2,767","3,119","3,271","4,381"
미원홀딩스,"2,220","3,152","3,313","4,268"
미원화학,978,"1,191","1,253","1,338"
미창석유,"2,832","2,954","3,118","3,476"
바다로19호,478,461,400,474
방림,"2,369","2,369","2,571","2,474"
백광산업,"2,977","3,288","3,227","3,592"
태경비케이,"2,938","3,014","2,959","3,324"
백산,"2,947","3,306","2,911","3,302"
범양건영,"1,184","1,385","1,581","1,985"
베트남개발1, , , , 
벽산,"4,746","4,627","4,644","5,054"
보락,533,556,541,563
보령제약,"4,500","5,076","6,480","8,286"
보해양조,"2,005","1,631","1,491","1,531"
부광약품,"4,936","3,885","4,010","3,974"
부국증권,"14,351","14,813","16,089","16,474"
부국철강,"1,238","1,223","1,322","1,507"
부산가스,"9,783","10,367","12,675","11,260"
부산산업,"1,336","1,360","1,290","1,338"
부산주공,"3,015","2,821","2,498","2,397"
비상교육,"2,543","2,862","2,632","2,715"
빙그레,"6,539","6,849","7,641","7,602"
사조대림,"7,209","10,709","11,241","11,398"
사조동아원,"4,682","4,669","4,464","4,488"
사조산업,"11,760","11,374","10,874","11,139"
사조씨푸드,"3,803","3,481","3,116","3,369"
사조오양,"3,083","3,112","3,187","3,159"
사조해표,"3,695","3,803","4,001","4,080"
SGC에너지,"7,591","6,959","26,754","25,916"
삼부토건,"4,131","4,207","4,888","5,514"
삼성SDI,"193,497","198,521","215,342","258,332"
삼성공조,"2,602","2,584","2,582","2,575"
삼성물산,"424,067","459,055","543,317","552,454"
삼성바이오로직스,"59,804","59,116","64,242","79,700"
삼성생명,"2,894,277","3,127,623","3,365,693","3,413,826"
삼성에스디에스,"80,138","90,212","91,549","105,174"
삼성엔지니어링,"46,196","45,657","47,556","60,587"
삼성전기,"86,449","86,742","92,255","99,414"
삼성전자,"3,393,572","3,525,645","3,782,357","4,266,212"
삼성제약,"1,606","1,685","1,787","1,455"
삼성중공업,"142,829","136,001","129,222","121,386"
삼성증권,"383,306","447,296","638,697","657,075"
삼성출판사,"1,907","2,416","2,924","3,387"
삼성카드,"230,421","220,382","233,989","271,442"
삼성화재,"793,907","851,722","925,964","949,340"
삼아알미늄,"1,967","2,085","2,075","2,272"
삼양사,"21,739","23,882","25,765","28,020"
삼양식품,"4,121","4,704","5,562","7,531"
삼양통상,"3,275","3,717","4,221","4,590"
삼양패키징,"5,460","5,639","5,645","6,125"
삼양홀딩스,"33,138","35,895","38,936","44,606"
삼영무역,"3,865","5,173","5,332","5,788"
삼영전자,"5,080","5,027","5,139","5,436"
삼영화학,"1,052","1,070","1,090","1,177"
삼원강재,"2,538","2,495","2,580","2,707"
삼익THK,"3,567","3,926","3,876","3,782"
삼익악기,"5,944","6,129","6,224","5,853"
삼일제약,"1,479","1,839","1,917","2,264"
삼정펄프,"2,018","2,063","2,328","2,394"
삼진제약,"2,526","2,442","2,690","3,325"
삼천리,"36,994","39,124","38,599","42,453"
DL건설,"7,961","8,517","14,984","16,696"
삼호개발,"2,769","2,988","3,128","2,969"
삼화왕관,"1,718","2,387","2,461","2,433"
삼화전기,"1,282","1,252","1,370","1,586"
삼화전자,643,604,550,669
삼화콘덴서,"2,200","2,148","2,350","2,693"
삼화페인트,"5,580","5,606","5,943","6,121"
상신브레이크,"4,293","4,523","4,400","4,936"
새론오토모티브,"2,671","2,555","2,481","2,684"
샘표,"3,209","3,386","3,812","4,427"
샘표식품,"2,055","2,258","2,686","3,275"
서연,"26,963","22,154","21,510","21,379"
서연이화,"16,962","18,205","18,038","17,905"
서울가스,"13,686","15,834","16,897","16,626"
서울식품,774,760,748,723
서원,"2,201","2,220","2,260","2,934"
서흥,"6,391","7,089","7,660","8,100"
선도전기,"1,491","1,670","1,756","1,679"
선진,"9,172","9,833","11,197","12,096"
SUN&L,"6,253","5,436","5,284","5,662"
성문전자,433,425,404,544
성보화학,"1,834","1,724","1,592","1,722"
성신양회,"10,614","10,294","10,903","11,216"
성안,"2,885","3,114","2,450","1,416"
성지건설,979,936,"1,095","1,250"
성창기업지주,"6,487","7,033","7,074","7,037"
세기상사,427,416,405,464
세방,"9,889","11,160","11,646","12,453"
세방전지,"12,679","15,107","15,143","16,844"
세아베스틸,"37,189","35,769","32,804","35,260"
세아제강지주,"24,454","24,485","23,156","28,990"
세아특수강,"5,000","5,732","5,524","6,511"
세아홀딩스,"54,539","54,567","50,849","55,378"
세우글로벌,434,455,471,496
세원이앤씨,"3,295","3,587","3,247","2,927"
세원정공,"6,195","6,128","6,222","6,343"
세이브존I&C,"5,747","5,793","5,594","5,643"
세종공업,"8,710","9,960","11,588","11,801"
세진중공업,"3,683","4,086","4,481","5,704"
세하,"1,788","1,878","1,895","1,953"
다이나믹디자인,"1,721","1,610","1,503","1,160"
송원산업,"8,725","8,943","8,911","11,156"
수산중공업,"2,049","1,832","2,364","2,361"
한국수출포장,"2,988","3,081","3,091","3,318"
스카이라이프,"8,160","8,483","9,195","12,756"
신대양제지,"7,468","7,686","8,091","8,460"
신도리코,"9,502","9,475","9,162","10,226"
신라교역,"5,810","6,199","6,291","6,805"
신성이엔지,"4,131","4,166","4,234","4,767"
신성통상,"6,919","8,583","8,985","10,256"
신세계,"111,013","130,185","127,691","136,445"
신세계 I&C,"3,058","2,898","2,837","3,541"
신세계건설,"7,571","7,777","7,656","8,290"
신세계인터내셔날,"9,825","11,289","11,475","11,591"
신세계푸드,"6,250","7,333","8,872","8,795"
신송홀딩스,"2,053","1,999","1,678","2,482"
신영와코루,"3,452","3,483","3,734","3,887"
신영증권,"99,442","96,293","98,208","113,338"
신원,"4,123","4,034","4,058","5,036"
신일전자,"1,023","1,001","1,106","1,221"
신풍제약,"3,810","3,801","4,872","3,926"
신풍제지,"1,673","1,856","1,078",939
신한,"1,522","1,707","1,128","1,141"
신한지주,"4,596,005","5,524,196","6,052,341","6,481,522"
SHD,646,653,642,710
신흥,"1,327","1,389","1,462","1,386"
쌍방울,"3,802","3,404","3,505","3,956"
쌍용C&E,"34,293","33,680","33,268","35,648"
쌍용차,"22,056","20,192","17,686","18,630"
써니전자,546,615,654,772
씨아이테크,430,587,751,795
씨에스윈드,"6,064","7,356","8,807","17,739"
아남전자,"1,395","1,465","1,928","2,720"
아모레G,"73,874","82,814","77,887","80,381"
아모레퍼시픽,"53,711","59,890","57,019","61,167"
메타랩스,"1,071",983,770,850
아세아,"28,403","28,844","28,875","31,153"
아세아시멘트,"19,287","19,308","19,014","20,373"
아세아제지,"8,124","8,482","8,823","9,696"
아시아나항공,"81,911","135,034","138,515","130,827"
아이마켓코리아,"10,783","10,969","11,108","11,202"
아이에스동서,"21,827","28,838","36,215","35,098"
오렌지라이프,"306,687","314,554","327,441","326,975"
HDC랩스,"2,900","2,372","2,180","4,114"
우리금융캐피탈,"62,014","74,732","88,801","82,420"
인바이오젠,243,909,969,"2,745"
알루코,"7,443","7,726","7,014","7,802"
알보젠코리아,"3,159","3,307","3,065","2,769"
폴루스바이오팜,"1,643","1,509","1,482","1,478"
애경케미칼,"4,985","4,928","5,322","12,450"
에넥스,"1,554","1,320","1,129","1,329"
에스엘,"17,304","22,736","23,390","25,675"
에스원,"16,829","17,950","19,067","19,730"
에쓰씨엔지니어링,"3,670","3,739",686,"1,164"
에이리츠,862,921,431,941
에이블씨엔씨,"3,881","4,337","2,548","2,084"
에이엔피,"1,414","1,323","1,039",820
에이프로젠제약,"2,171","3,653","6,153","6,146"
엔씨소프트,"29,413","33,464","40,812","45,819"
엔에스쇼핑,"8,140","9,208","11,512","11,338"
엔케이,"2,055","1,469","1,402","1,307"
플레이그램,452,427,690,"1,295"
영보화학,"1,761","1,808","1,747","1,799"
영원무역,"26,389","31,045","30,383","35,476"
영원무역홀딩스,"32,622","37,894","37,325","43,256"
영진약품,"1,961","2,004","1,881","1,941"
영풍,"47,216","48,327","50,009","55,210"
영풍제지,"1,390","1,395","2,021","2,096"
영화금속,"2,084","2,019","1,976","2,116"
영흥,"2,930","3,109","3,377","5,190"
예스코홀딩스,"14,646","15,443","15,641","14,230"
오뚜기,"20,635","21,521","23,393","26,058"
오리엔트바이오,841,759,715,821
오리온,"23,514","24,523","26,654","31,204"
오리온홀딩스,"43,421","43,663","44,976","49,618"
웰바이오텍,"1,112","1,198",709,"1,368"
용평리조트,"8,128","8,499","9,119","8,415"
팜젠사이언스,982,"1,000","1,355","2,203"
우리들휴브레인,614,698,"1,383","1,763"
우리은행,"2,918,591","3,106,827","3,162,955","3,298,016"
우리종금,"26,827","33,990","43,325","51,597"
우성,"2,822","3,359","3,135","3,446"
우신시스템,"2,972","3,167","3,245","3,096"
우진,"2,110","1,999","2,402","2,298"
우진플라임,"2,877","2,678","2,676","2,764"
웅진,"7,599","29,016","10,870","10,660"
웅진씽크빅,"6,533","24,536","6,661","7,716"
웅진에너지,"3,374","2,367","1,352","1,298"
원림,"1,500","1,631","1,773","1,703"
윌비스,"3,048","2,810","2,848","2,941"
유나이티드제약,"3,020","3,312","3,534","3,800"
유니드,"11,119","10,763","11,208","13,477"
유니온,"3,066","3,252","3,544","3,662"
유니온머티리얼,"1,443","1,749","1,845","1,867"
유니켐,"1,186","1,697","2,858","3,359"
유니퀘스트,"3,241","3,497","3,800","4,903"
유성기업,"3,756","3,964","4,113","4,100"
유수홀딩스,"5,411","5,220","4,982","5,017"
유안타증권,"118,618","123,423","149,482","147,149"
와이투솔루션,"1,942","1,948","1,132","1,185"
유엔젤,512,462,486,617
유유제약,"1,352","1,377","1,549","1,930"
유진투자증권,"72,503","77,384","100,769","91,755"
유한양행,"21,738","21,172","23,935","24,638"
유화증권,"6,247","6,209","7,196","7,347"
율촌화학,"6,142","6,065","6,133","6,667"
이건산업,"4,342","4,226","3,832","4,193"
이구산업,"2,607","2,633","2,717","3,239"
이노션,"17,409","20,755","20,440","22,016"
이마트,"167,539","210,948","223,404","312,421"
이수페타시스,"5,056","4,167","3,894","4,497"
이수화학,"9,357","10,604","9,691","11,689"
이스타코,803,789,707,821
이아이디,800,"2,053","2,259","5,193"
이엔플러스,913,"1,173",906,"1,028"
이연제약,"3,032","2,735","3,176","4,780"
이월드,"2,636","4,818","4,479","4,332"
이화산업,"2,875","2,827","2,834","2,748"
인디에프,"1,381","1,494","1,386","1,253"
인스코비,574,509,762,"1,094"
인지컨트롤스,"4,554","5,079","5,113","5,434"
인천도시가스,"3,478","3,653","3,402","3,606"
인터지스,"4,701","4,200","3,860","3,886"
인팩,"2,844","2,943","3,198","3,540"
일동제약,"5,647","6,127","6,053","7,090"
일동홀딩스,"2,655","8,097","8,110","9,208"
일성건설,"3,087","3,509","2,985","3,793"
일성신약,"3,473","3,695","3,712","3,714"
일신방직,"9,373","9,536","9,642","10,440"
일신석재,802,873,940,919
일양약품,"4,323","4,375","4,391","4,943"
일정실업,683,605,468,413
일진다이아,"1,599","2,498","2,477","6,418"
일진디스플,"1,583","1,262","1,139","1,175"
일진머티리얼즈,"6,922","10,369","10,810","17,536"
일진전기,"7,786","7,809","7,904","8,379"
일진홀딩스,"11,166","11,886","11,585","16,116"
잇츠한불,"5,356","5,394","5,081","4,947"
자화전자,"3,522","3,485","3,560","4,379"
전방,"3,640","3,866","3,734","3,833"
제이에스코퍼레이션,"1,895","2,016","5,044","5,523"
제이준코스메틱,"2,149","1,239",879,799
제일기획,"21,721","22,528","22,425","25,421"
제일약품,"4,029","4,004","4,097","4,265"
제일연마,"1,015","1,025",987,"1,065"
제일파마홀딩스,"9,201","8,453","8,874","8,924"
제주은행,"59,809","61,929","65,318","69,442"
제주항공,"10,316","14,675","11,686","12,668"
조광페인트,"3,036","3,125","3,500","3,470"
조광피혁,"2,506","2,958","3,432","4,409"
조비,940,917,879,"1,038"
조선내화,"10,306","10,691","12,463","13,493"
조선선재,"1,150","1,211","1,260","1,395"
조일알미늄,"3,561","2,893","2,749","3,479"
조흥,"1,953","2,180","2,483","2,676"
종근당,"7,115","8,014","9,463","10,467"
종근당바이오,"1,845","2,333","2,835","2,985"
종근당홀딩스,"8,714","10,747","12,585","13,676"
주연테크,607,618,576,597
지엠비코리아,"4,752","4,869","4,885","5,225"
지역난방공사,"56,580","58,926","60,731","65,174"
지코,637,738,636,478
지투알,"6,328","5,037","5,304","5,649"
진도,"1,607","1,451","1,285","1,364"
진양산업,507,545,707,779
진양폴리,350,434,448,481
진양홀딩스,"4,962","5,139","5,480","5,661"
진양화학,400,375,383,337
진에어,"5,195","7,044","5,568","6,016"
진원생명과학,493,512,"1,366","2,495"
진흥기업,"3,662","3,258","2,829","3,346"
참엔지니어링,"7,697","7,154","7,506","6,991"
천일고속,804,800,670,627
센트럴인사이트,725,511,207,324
체시스,886,819,812,767
카카오,"79,595","87,373","119,540","227,796"
카프로,"4,331","3,644","3,121","3,953"
케이씨,"5,744","6,805","8,734","9,645"
케이씨텍,"3,135","3,376","4,073","4,530"
케이탑리츠,"2,022","2,108","2,295","2,489"
KTis,"2,292","3,118","2,943","3,694"
엘브이엠씨홀딩스,"6,537","6,788","6,477","6,878"
코리아써키트,"5,005","4,797","9,217","10,646"
코리아오토글라스,"5,238","5,643","4,979","5,086"
코리안리,"107,509","117,331","125,199","131,157"
코스맥스,"10,615","12,044","11,890","14,119"
코스맥스비티아이,"8,798","8,927","8,816","9,547"
코스모신소재,"2,373","2,648","3,623","3,485"
코스모화학,"4,930","5,170","6,685","6,813"
코아스,785,773,732,793
코오롱,"34,739","36,186","37,081","39,663"
코오롱글로벌,"20,334","22,054","24,699","25,757"
코오롱머티리얼,"2,067","1,250","1,080","1,053"
코오롱인더,"55,729","52,931","50,437","56,013"
코오롱플라스틱,"3,410","3,387","3,179","3,691"
코웨이,"23,789","28,550","30,290","38,006"
콤텍시스템,"1,135","1,615","1,853","3,491"
쿠쿠홀딩스,"7,470","8,126","9,251","10,709"
크라운제과,"3,328","3,329","3,270","3,246"
크라운해태홀딩스,"12,865","12,382","10,934","11,157"
키움증권,"186,643","239,438","375,909","453,011"
아센디오,"1,242",568,274,681
태경산업,"5,427","5,614","5,413","5,847"
태경케미컬,"1,232","1,356","1,407","1,607"
태광산업,"45,027","43,571","40,602","49,238"
태림포장,"6,068","5,663","5,668","6,009"
태양금속,"3,963","3,899","4,423","4,477"
태영건설,"49,586","59,161","37,983","37,348"
태원물산,383,382,383,374
태평양물산,"5,565","6,133","6,760","7,650"
테이팩스,"1,602","1,450","1,626","1,808"
텔코웨어,"1,258","1,274","1,231","1,222"
토니모리,"2,042","2,409","1,942","2,021"
트러스제7호,"1,026","1,025","1,028","1,040"
티에이치엔,"2,124","2,654","2,796","3,399"
티웨이홀딩스,"4,975","8,710","7,661","8,053"
시디즈,720,671,958,848
파미셀,591,633,697,958
팜스코,"8,832","9,792","9,893","11,076"
팬오션,"41,195","44,542","46,593","64,888"
퍼스텍,"1,607","1,821","1,807","1,856"
퍼시스,"4,842","4,818","4,989","5,755"
페이퍼코리아,"5,884","6,279","5,089","4,972"
평화산업,"1,784","1,942","2,032","2,201"
평화홀딩스,"4,954","5,029","5,223","5,181"
포스코스틸리온,"4,542","5,034","4,854","5,864"
포스코인터내셔널,"98,810","89,594","83,280","107,707"
풀무원,"12,169","14,846","16,936","19,694"
풍산,"26,681","25,625","25,520","31,483"
풍산홀딩스,"8,793","9,386","9,753","10,520"
KH 필룩스,"3,041","4,168","3,831","5,394"
하나금융지주,"3,850,086","4,214,671","4,609,470","5,024,453"
하나니켈1호, , , , 
하나니켈2호, , , , 
하나투어,"7,161","10,076","7,033","4,306"
하이골드12호,369,364,343,367
하이골드3호,373,333,289,460
하이골드8호,534,389,393,346
하이스틸,"2,330","2,343","2,397","2,597"
하이트론,648,556,614,474
하이트진로,"34,281","32,709","32,978","36,311"
하이트진로홀딩스,"39,893","38,367","39,050","42,363"
한국가스공사,"396,897","393,119","359,098","436,699"
한국공항,"4,244","4,647","4,254","3,839"
한국금융지주,"640,037","607,663","704,377","820,366"
한국내화,"2,046","2,093","2,028","3,579"
한국단자,"8,605","8,856","9,852","11,252"
한국석유,"3,073","2,928","3,165","3,421"
한국쉘석유,"1,446","1,411","1,486","1,657"
한국유리,"6,785","7,107","8,529","7,196"
한국자산신탁,"10,081","12,375","12,076","12,647"
한국전력,"1,852,491","1,975,978","2,031,421","2,111,089"
한국전자홀딩스,"3,908","3,899","4,122","4,636"
한국제지,"7,714","7,582","8,506","8,650"
한국종합기술,"2,279","2,998","3,321","3,394"
한국주강,603,485,465,502
한국주철관,"3,520","3,567","3,575","4,231"
한국철강,"9,090","8,732","8,688","9,087"
한국카본,"3,601","3,976","4,783","4,984"
한국콜마,"21,864","24,003","24,896","26,060"
한국콜마홀딩스,"8,817","10,919","12,185","12,097"
한국타이어앤테크놀로지,"97,964","101,646","106,585","117,039"
한국앤컴퍼니,"34,986","36,071","37,925","40,812"
한국토지신탁,"13,759","14,472","15,445","17,214"
한국특강,"3,417","3,175","3,523","4,587"
한국프랜지,"6,406","6,523","6,680","6,994"
한국항공우주,"37,559","43,671","51,591","58,552"
한국화장품,950,813,754,485
한국화장품제조,718,842,777,765
한농화성,"1,625","1,634","1,714","2,170"
한독,"6,526","7,487","8,189","8,416"
한라,"17,938","15,882","16,536","15,214"
한라홀딩스,"17,241","17,604","19,615","22,950"
한미글로벌,"2,097","2,036","2,187","2,853"
한미반도체,"2,460","2,575","3,270","4,293"
한미사이언스,"9,165","9,108","9,232","9,499"
한미약품,"16,912","19,137","18,820","19,367"
한샘,"9,402","12,026","12,295","12,464"
한섬,"12,727","13,236","14,385","15,571"
한성기업,"2,222","2,336","1,958","1,999"
한세실업,"11,707","11,795","10,211","12,162"
한세엠케이,"2,056","1,847","1,497","1,291"
한세예스24홀딩스,"16,783","17,314","18,400","22,413"
한솔PNS,913,"1,034","1,071","1,097"
한솔로지스틱스,"1,268","1,668","1,960","2,666"
한솔제지,"17,927","17,433","17,404","18,878"
한솔케미칼,"7,917","9,392","9,992","11,972"
한솔테크닉스,"5,130","4,953","5,914","7,887"
한솔홀딩스,"13,474","6,664","6,271","6,537"
한솔홈데코,"3,081","2,958","2,950","3,147"
한신공영,"17,784","16,510","17,343","21,199"
한신기계,907,940,952,"1,011"
한양증권,"18,447","18,222","19,677","16,334"
한온시스템,"53,558","70,824","78,074","82,337"
한올바이오파마,"1,623","1,914","2,201","1,985"
한익스프레스,"1,996","2,758","3,017","3,748"
한일홀딩스,"32,542","33,000","33,201","32,638"
한일철강,"3,122","3,194","2,951","3,387"
한전KPS,"12,809","13,594","13,499","14,269"
한전기술,"7,715","7,352","7,003","7,055"
한전산업,"1,485","1,667","1,636","1,633"
한진,"26,614","35,484","37,887","38,776"
HJ중공업,"27,336","24,702","21,939","23,852"
한진중공업홀딩스,"18,736","18,607","18,372","18,378"
한진칼,"28,501","26,937","34,886","37,547"
한창,"1,062",918,"1,178","1,343"
한창제지,"1,547","1,720","1,811","2,486"
한화,"1,695,486","1,822,862","1,911,783","2,023,664"
한화갤러리아타임월드,"4,840","4,893","4,518","3,485"
한화생명,"1,320,845","1,418,501","1,487,748","1,635,914"
한화손해보험,"167,339","182,572","195,183","202,850"
한화솔루션,"152,315","156,811","151,373","200,076"
한화에어로스페이스,"73,967","87,084","94,648","110,458"
한화투자증권,"73,441","98,783","118,590","117,910"
해성디에스,"3,062","3,266","3,832","4,749"
해태제과식품,"7,950","7,569","6,212","6,549"
핸즈코퍼레이션,"7,053","8,511","8,441","8,950"
HDC현대EP,"6,004","5,473","5,249","5,829"
현대건설,"180,546","182,270","179,393","196,373"
현대건설기계,"31,265","31,881","33,559","35,543"
현대그린푸드,"28,374","29,666","30,685","31,100"
현대글로비스,"86,878","101,297","108,987","121,709"
HD현대,"233,478","257,155","265,590","358,157"
현대로템,"40,022","40,843","41,974","41,072"
현대리바트,"6,789","7,528","8,033","8,636"
현대모비스,"430,711","466,061","484,977","514,825"
현대미포조선,"34,637","33,806","35,990","38,783"
현대백화점,"69,886","76,231","87,070","89,692"
현대비앤지스틸,"6,056","6,086","6,485","7,688"
HDC,"34,097","42,090","96,171","106,515"
현대코퍼레이션,"10,982","14,446","12,191","17,074"
HMM,"41,214","71,602","93,734","178,761"
한일현대시멘트,"5,489","5,602","5,629","5,968"
현대약품,"1,461","1,464","1,575","1,639"
현대퓨처넷,"7,805","8,135","10,071","10,340"
현대엘리베이,"23,748","25,477","26,262","29,874"
현대위아,"71,074","67,743","77,199","77,495"
현대일렉트릭,"23,261","22,565","22,726","22,150"
현대제철,"333,049","343,663","348,450","370,423"
한국조선해양,"247,299","250,554","252,442","272,931"
현대차,"1,806,558","1,945,122","2,093,442","2,339,464"
현대차증권,"66,012","70,307","91,679","88,061"
현대코퍼레이션홀딩스,"1,888","2,414","2,169","2,510"
현대해상,"440,922","463,938","491,941","528,180"
현대홈쇼핑,"25,627","25,038","26,931","26,003"
형지엘리트,"1,208","1,143","1,304","1,233"
혜인,"2,284","2,183","2,079","1,947"
호전실업,"2,875","2,923","2,721","3,027"
호텔신라,"23,037","35,273","28,938","26,565"
화성산업,"6,409","6,126","5,805","8,080"
화승코퍼레이션,"12,118","12,116","11,839","11,552"
화승엔터프라이즈,"7,605","9,789","11,550","13,303"
화승인더,"9,913","12,707","14,335","16,371"
화신,"8,282","8,084","8,227","8,708"
화인베스틸,"2,281","2,108","1,778","1,832"
화천기계,"1,621","1,583","1,465","1,559"
화천기공,"3,856","3,749","3,784","4,254"
환인제약,"2,877","3,049","3,296","3,532"
황금에스티,"4,062","3,902","4,523","4,316"
효성,"64,079","65,271","44,298","52,579"
효성ITX,"1,214","1,593","1,617","2,414"
후성,"4,415","5,289","5,401","6,163"
휠라홀딩스,"33,043","37,702","37,584","42,889"
휴니드,"2,273","2,610","2,479","2,673"
휴비스,"9,581","8,772","8,729","8,434"
휴스틸,"6,035","5,791","6,041","9,519"
TKG휴켐스,"8,647","9,139","8,666","9,493"
흥국화재,"119,389","126,485","132,112","137,623"
흥아해운,"8,037","4,310","2,868","2,473"
